"","hh_ID","numChildren","hh_members","sex","age","maritalStatus","literacy","education","attendingCollege","occupationType","canCarry20L","canWalk5Km","canStandOwn","pctCanCarry20L","pctCanWalk5Km","pctCanStandOwn","pct_meat_mean","pct_meat_var","pct_meat_sd","pct_fish_mean","pct_fish_var","pct_fish_sd","pct_protein_mean","pct_protein_var","pct_protein_sd","avg_calories_member_mean","avg_calories_member_var","avg_calories_member_sd"
"1","101012",0,2,"0",32,"2","4","2","0","trader","0","1","1",0,1,1,0.107142857142857,0.0386904761904762,0.196698948117361,0.119047619047619,0.0436507936507936,0.208927723509336,0.226190476190476,0.0525793650793651,0.229301908145931,4892.10714285714,15626077.1220238,3952.98331921902
"2","102015",1,3,"0",45,"2","4","2","0","farming","0","1","1",0,0.333333333333333,1,0.0666666666666666,0.0222222222222222,0.149071198499986,0.15,0.05,0.223606797749979,0.216666666666667,0.0472222222222222,0.217306746840088,4801.66666666667,8565638.8888889,2926.71127528646
"3","102022",0,3,"0",50,"2","4","2","0","trader","1","1","1",1,1,1,0,0,0,0.111111111111111,0.111111111111111,0.333333333333333,0.111111111111111,0.111111111111111,0.333333333333333,3929.62962962963,6309463.7345679,2511.86459319922
"4","102023",0,3,"0",21,"1","4","4","1","prod","1","1","1",1,1,1,0.0873015873015873,0.02255291005291,0.150176263280553,0.157142857142857,0.0181825396825397,0.134842647862387,0.244444444444444,0.0119259259259259,0.109205887780494,7861.09126984127,8116844.79993387,2849.00768688571
"5","102025",0,3,"0",24,"2","4","3","0","livestock","1","1","1",0.666666666666667,0.666666666666667,1,0.128205128205128,0.0752361673414305,0.274292120450863,0.0512820512820513,0.0499325236167341,0.223455865030959,0.179487179487179,0.111673414304993,0.334175723691882,1991.5811965812,1208582.59484181,1099.35553614006
"6","103026",0,6,"0",22,"1","4","3","1","self","1","1","1",1,1,1,0.038265306122449,0.00951026014801526,0.0975205626932867,0.0142857142857143,0.00285714285714286,0.0534522483824849,0.0525510204081633,0.0111900089706212,0.105782838733989,1399.87619047619,5987229.71681472,2446.88163114089
"7","103032",1,5,"0",28,"1","3","5","0","farming","1","1","1",0.4,0.8,1,0.0852380952380952,0.0187707749766573,0.137006477863849,0.146462585034014,0.0672680310219326,0.25936081242534,0.231700680272109,0.0892412869909868,0.298732802000361,4680.49285714286,4023276.14884454,2005.81059645335
"8","103035",2,6,"0",18,"1","4","3","1","nonearning","1","1","1",0.666666666666667,1,0.833333333333333,0.107142857142857,0.031687675070028,0.178010322931082,0.16047619047619,0.0455406162464986,0.213402474790005,0.267619047619048,0.0483650793650794,0.219920620599978,1323.63333333333,713010.754575164,844.399641505824
"9","104037",0,2,"0",28,"2","4","3","0","trader","1","1","1",1,1,1,0.416666666666667,0.0138888888888889,0.117851130197758,0,0,0,0.416666666666667,0.0138888888888889,0.117851130197758,10740.625,3078300.78125,1754.50870081912
"10","104041",1,3,"0",28,"2","4","2","0","trader","1","1","1",0.666666666666667,0.666666666666667,1,0,0,0,0,0,0,0,0,0,6415.625,6883758.68055561,2623.69180365294
"11","105054",0,2,"0",45,"2","4","2","0","self","1","1","1",0.5,1,1,0.0714285714285715,0.0102040816326531,0.101015254455221,0.0714285714285715,0.0102040816326531,0.101015254455221,0.142857142857143,0.0408163265306123,0.202030508910442,10846.875,2573613.28125,1604.24850981698
"12","106058",2,5,"0",21,"1","4","3","1","nonearning","1","1","1",0.2,0.8,1,0.0533333333333333,0.0136296296296296,0.116746004769455,0.235384615384615,0.0998331507049455,0.315963843983684,0.288717948717949,0.0944542333260282,0.307334074462999,2480.3,5426249.34444445,2329.43112034772
"13","106059",2,6,"0",30,"2","4","2","0","trader","1","1","1",0.166666666666667,0.333333333333333,1,1,NA,NA,0,NA,NA,1,NA,NA,0.666666666666667,NA,NA
"14","106062",1,4,"0",19,"1","4","7","1","trader","1","1","0",0.75,1,0.25,0,0,0,0.0454545454545455,0.0227272727272727,0.150755672288882,0.0454545454545455,0.0227272727272727,0.150755672288882,3916.64772727273,7373577.36505682,2715.43318184352
"15","106063",2,4,"0",33,"2","3","3","0","trader","1","1","1",0.5,0.5,1,0.0867063492063492,0.0205723349010386,0.143430592625976,0.0817460317460317,0.0216389052191521,0.14710168326417,0.168452380952381,0.0334454814161604,0.182881058111988,5566.29464285714,11172350.5187665,3342.50662209763
"16","106064",3,5,"0",46,"2","4","3","0","farming","1","1","1",0.4,0.4,0.8,0.117241379310345,0.0222268404488232,0.149086687698209,0.201149425287356,0.124264504652436,0.352511708532406,0.318390804597701,0.105577278325123,0.324926573744166,2669.83448284083,4305001.99464287,2074.84987279631
"17","106066",0,3,"0",25,"1","4","3","0","farming","1","1","1",0.333333333333333,1,1,0.333333333333333,0.333333333333333,0.577350269189626,0,0,0,0.333333333333333,0.333333333333333,0.577350269189626,2211.11111111111,3933703.70370371,1983.35667586637
"18","106067",2,7,"0",29,"2","1","2","0","farming","1","1","1",0.285714285714286,0.428571428571429,0.857142857142857,0,NA,NA,0,NA,NA,0,NA,NA,2000,NA,NA
"19","107068",1,4,"0",35,"2","4","6","0","salaried","0","1","1",0,0.5,0.75,0.0796296296296296,0.0315516273849607,0.177627777627714,0.00370370370370371,0.000617283950617287,0.0248451997499977,0.0833333333333333,0.0340909090909091,0.184637236468999,3353.57777777778,2285573.13017677,1511.8112085101
"20","107069",2,4,"0",32,"2","4","7","0","farming","1","0","1",0.75,0.25,1,0.0181818181818182,0.00165289256198347,0.0406557814090871,0.316666666666667,0.168055555555556,0.409945795874961,0.334848484848485,0.1553145087236,0.394099617766371,5360.25,25719525.3125,5071.44213340742
"21","107073",1,3,"0",38,"2","4","3","0","farming","1","1","1",0.666666666666667,0.666666666666667,1,0,NA,NA,0.25,NA,NA,0.25,NA,NA,8066.66644414266,NA,NA
"22","107075",0,2,"0",30,"2","4","2","0","trader","1","1","1",0.5,1,1,0.00757575757575758,0.00189393939393939,0.0435194139889245,0.00378787878787879,0.000473484848484849,0.0217597069944622,0.0113636363636364,0.00426136363636364,0.0652791209833867,373.765151515152,4342040.42945076,2083.75632679322
"23","107081",0,2,"0",38,"2","4","2","0","trader","1","1","1",1,1,1,0.3,0.2,0.447213595499958,0.45,0.2625,0.51234753829798,0.75,0.125,0.353553390593274,3775,10964062.5,3311.20257610434
"24","107082",1,4,"0",50,"2","4","2","0","farming","1","1","1",1,1,1,0.0124338624338624,0.0023574749765226,0.048553835857969,0.00857699805068225,0.0025129721343941,0.05012955350284,0.0210108604845447,0.00465230917348052,0.0682078380648479,3914.64777777778,3076907.72306313,1754.11166208515
"25","107083",0,4,"0",60,"2","4","3","0","self","0","0","1",0,0.75,1,0.0525252525252525,0.0149299611895032,0.122188220338555,0.0263347763347763,0.00584858818228501,0.0764760628058546,0.0788600288600289,0.0256245374238831,0.160076661084254,3517.50757575758,1636442.37589637,1279.23507452554
"26","107083",0,4,"0",45,"2","4","2","0","farming","0","1","1",0,0.75,1,0.0525252525252525,0.0149299611895032,0.122188220338555,0.0263347763347763,0.00584858818228501,0.0764760628058546,0.0788600288600289,0.0256245374238831,0.160076661084254,3517.50757575758,1636442.37589637,1279.23507452554
"27","108089",1,6,"0",28,"2","4","2","0","farming","1","1","1",0.666666666666667,0.666666666666667,0.833333333333333,0.140833333333333,0.0566220760233918,0.237953936768005,0.0683333333333333,0.0154649122807017,0.124358000469217,0.209166666666667,0.0851016081871345,0.291721799300523,3317.41,5264063.70012868,2294.35474592066
"28","108094",1,5,"0",55,"2","4","3","0","farming","1","1","1",0.8,1,1,0.0413793103448276,0.0353694581280788,0.188067695599427,0.144827586206897,0.12256157635468,0.350087955169383,0.186206896551724,0.148374384236453,0.385193956645809,1067.7884137931,1222553.32115011,1105.69133176945
"29","108096",3,6,"0",40,"5","2","1","0","farming","1","1","0",0.333333333333333,0.333333333333333,0.666666666666667,0.121794871794872,0.0923504273504273,0.303892131109753,0.266025641025641,0.117788461538462,0.343203236491822,0.387820512820513,0.142745726495727,0.377817054267971,1436.21794871795,690744.123931623,831.110175567369
"30","109098",1,3,"0",26,"2","4","2","0","farming","1","1","1",0.666666666666667,0.666666666666667,1,0.187107396149949,0.022153598488424,0.148840849528696,0.107294832826748,0.0200097121796606,0.141455689810133,0.294402228976697,0.02067379688539,0.143783854745204,5770.37943262411,8471336.53436246,2910.55605243439
"31","109100",2,4,"0",30,"2","4","3","0","farming","0","1","1",0,0.25,1,0,0,0,0.216666666666667,0.038125,0.195256241897666,0.216666666666667,0.038125,0.195256241897666,4099.58333333333,12190471.875,3491.48562577594
"32","109101",0,4,"0",25,"1","4","3","1","nonearning","1","1","1",1,1,1,0.236842105263158,0.0958882566777304,0.309658290180855,0.0614035087719298,0.0231547336810495,0.152166795593025,0.298245614035088,0.1071890311364,0.327397359696745,5416.53947368421,8068031.74839972,2840.42809245362
"33","109102",1,3,"1",14,"1","4","2","1","self","0","1","1",0,1,1,0.149607182940516,0.0300503116595412,0.173350257166066,0.103843995510662,0.0221792235752921,0.148926906821071,0.253451178451178,0.0351876534207193,0.187583723762802,7414.38888888889,14575296.0375817,3817.7606050644
"34","109103",1,3,"0",28,"2","4","2","0","farming","0","1","1",0,0.333333333333333,0.333333333333333,0.0208333333333333,0.00694444444444443,0.0833333333333332,0.0208333333333333,0.00694444444444443,0.0833333333333332,0.0416666666666666,0.0129629629629629,0.113855008510662,5818.59375,4590080.71469905,2142.44736567764
"35","109104",0,3,"0",50,"2","2","2","0","wage","0","1","1",0.333333333333333,1,1,0.125,0.125,0.353553390593274,0.145833333333333,0.122519841269841,0.350028343523551,0.270833333333333,0.205853174603175,0.45371045238475,3570.53125,16568271.6467014,4070.41418613652
"36","109105",1,4,"0",21,"1","1","3","1","farming","1","1","1",0.25,0.5,1,0.402777777777778,0.219661150512214,0.468680222019464,0.371527777777778,0.207138987391647,0.455125243632615,0.774305555555556,0.136512509850276,0.369475993604829,1126.30208333333,1579481.31371897,1256.77416973734
"37","110106",0,5,"0",26,"1","4","4","1","nonearning","1","1","1",0.4,0.6,1,0.0879635725257845,0.00757453499894093,0.0870318045253626,0.0586991300162104,0.00781547357505081,0.0884051671286855,0.146662702541995,0.0135892440738646,0.116572913122494,6204.72097129514,7463756.62416437,2731.98766910914
"38","110107",1,4,"0",82,"2","4","2","0","farming","0","0","1",0,0,0.75,0.166666666666667,0.106060606060606,0.325669473639465,0.385416666666667,0.0893702651515151,0.298948599514223,0.552083333333333,0.0552793560606061,0.235115622748906,3813.22916666667,12428472.0052083,3525.40380739687
"39","110108",1,5,"0",21,"2","4","4","1","nonearning","1","1","1",0.8,0.8,0.8,0.197916666666667,0.0514632936507936,0.226855226192375,0.15625,0.0524553571428571,0.229031345328226,0.354166666666667,0.0510912698412698,0.22603378031009,3151.5,6580435.14285714,2565.2358844475
"40","110109",1,5,"1",20,"2","4","3","1","nonearning","0","1","0",0.2,0.4,0.4,0,0,0,0.0555555555555555,0.0185185185185185,0.136082763487954,0.0555555555555555,0.0185185185185185,0.136082763487954,2674.86666666667,960144.026666667,979.869392657341
"41","110110",0,3,"0",25,"1","4","3","1","nonearning","1","1","1",0.666666666666667,0.666666666666667,1,0.197368421052632,0.0849928876244665,0.291535396863685,0.153508771929825,0.0801525209419947,0.283112205568737,0.350877192982456,0.129939149675992,0.360470733452789,1054.77192982456,749250.865497075,865.592782720071
"42","110112",0,4,"0",19,"1","4","4","1","self","1","1","1",0.75,1,0.5,0.142857142857143,0.0687830687830688,0.262265264156481,0.19047619047619,0.142857142857143,0.377964473009227,0.333333333333333,0.185185185185185,0.430331482911935,1896.42857142857,2664425.22321429,1632.30671848592
"43","110114",0,2,"0",28,"2","4","3","0","prod","1","1","1",1,1,1,0.0571428571428571,0.0228571428571429,0.151185789203691,0.0285714285714286,0.00571428571428572,0.0755928946018455,0.0857142857142857,0.0514285714285714,0.226778683805536,2800.89285714286,17545995.1636905,4188.79399871735
"44","111116",0,2,"1",23,"2","2","2","0","wage","0","0","0",0,0,0,0.235,0.106254385964912,0.325966847953764,0.0516666666666667,0.0183011695906433,0.135281815447026,0.286666666666667,0.103204678362573,0.321254849554949,9680.6,11090026.2065789,3330.16909579363
"45","112122",0,6,"0",29,"1","4","3","0","trader","1","1","1",0.666666666666667,0.666666666666667,1,0,NA,NA,0.111111111111111,NA,NA,0.111111111111111,NA,NA,5708.33333333333,NA,NA
"46","112126",1,3,"0",40,"2","4","2","0","trader","1","1","1",1,1,1,0,0,0,0.0686274509803922,0.0592320261437909,0.243376305633459,0.0686274509803922,0.0592320261437909,0.243376305633459,6676.22549019608,7841908.66906659,2800.34081302019
"47","112130",0,2,"0",36,"2","4","2","0","trader","1","1","1",1,1,1,0,NA,NA,0,NA,NA,0,NA,NA,9712.5,NA,NA
"48","112131",0,2,"0",40,"2","4","3","0","salaried","1","1","1",1,1,1,0.1,0.028,0.167332005306815,0.183333333333333,0.0336666666666667,0.183484785926972,0.283333333333333,0.0656666666666667,0.256255081250434,11170.2083333333,3946731.51041667,1986.63824346977
"49","112132",2,10,"1",26,"2","4","4","0","self","1","1","0",0.7,0.8,0.8,0.141025641025641,0.101139601139601,0.318024529147676,0.010989010989011,0.00156985871271586,0.0396214425875164,0.152014652014652,0.0993517064945637,0.315201057254832,1528.69692307692,1940701.80212308,1393.09073721817
"50","112133",0,3,"0",25,"1","4","2","0","wage","1","1","1",0.333333333333333,0.333333333333333,1,0.666666666666667,NA,NA,0,NA,NA,0.666666666666667,NA,NA,8475,NA,NA
"51","113135",1,5,"0",27,"2","4","6","0","self","1","1","1",0.6,0.8,1,0.18970189701897,0.128352717554953,0.358263475050072,0.275067750677507,0.143935373381512,0.379388156617351,0.464769647696477,0.174615138512496,0.41786976262048,1762.65853658537,3246243.9804878,1801.73360419564
"52","113139",1,5,"0",31,"2","4","3","0","farming","1","1","1",0.8,0.8,1,0.0714285714285714,0.0357142857142857,0.188982236504614,0.0714285714285714,0.0357142857142857,0.188982236504614,0.142857142857143,0.0595238095238095,0.243975018237133,5363.89285714286,9683280.24702381,3111.79694823165
"53","113143",0,3,"0",25,"1","4","4","1","nonearning","1","1","1",0.333333333333333,0.333333333333333,0.666666666666667,0.106467409658899,0.0229406974356536,0.151461867926068,0.0596757852077001,0.00950369817985783,0.097486912864537,0.166143194866599,0.021876561739233,0.14790727412549,6036.37766312538,8536161.2491683,2921.67096866986
"54","113145",2,4,"0",35,"2","4","2","0","farming","1","1","1",0.25,0.75,1,0.283783783783784,0.174174174174174,0.417341795383801,0.148648648648649,0.0953453453453453,0.308780416065115,0.432432432432432,0.182807807807808,0.427560297277247,2336.89256756757,2921060.13849357,1709.11092047695
"55","113146",1,5,"0",30,"2","2","2","0","farming","1","1","1",0.8,1,1,0.75,0.125,0.353553390593274,0,0,0,0.75,0.125,0.353553390593274,1650,3125000,1767.76695296637
"56","113147",1,3,"0",29,"2","4","2","0","wage","1","1","1",0.333333333333333,0.666666666666667,1,0.102564102564103,0.0395299145299145,0.198821313067575,0.0576923076923077,0.0224358974358974,0.149786172378819,0.16025641025641,0.0491452991452991,0.221687390587059,3880,3913505.55555556,1978.2582125586
"57","113148",2,4,"0",35,"2","4","2","0","wage","1","1","1",0.25,0.75,0.75,0.206140350877193,0.137629954515919,0.370985113604198,0.115789473684211,0.0991812865497076,0.314930605927254,0.321929824561403,0.186421377517869,0.431765419548473,2512.43421052632,10047739.6655702,3169.81697666761
"58","114149",0,6,"0",37,"2","4","6","0","trader","1","1","1",0.666666666666667,0.833333333333333,0.833333333333333,0.125,NA,NA,0.25,NA,NA,0.375,NA,NA,10420.3333333333,NA,NA
"59","114150",2,9,"0",40,"2","4","6","0","farming","1","1","1",0.333333333333333,0.555555555555556,0.888888888888889,0.280696946815368,0.116248019541494,0.340951638127014,0.118530689583321,0.0143642099203913,0.119850781893116,0.399227636398689,0.0995531241836524,0.315520402167043,6838.10679012346,16979443.2145953,4120.61199515258
"60","114154",1,3,"0",28,"2","4","2","0","wage","1","1","1",0.333333333333333,0.666666666666667,0.666666666666667,0,0,0,0.25,0.25,0.5,0.25,0.25,0.5,3188.79166666667,5593257.13657407,2365.00679419195
"61","114155",0,2,"0",55,"2","4","2","0","farming","1","1","1",0.5,1,1,0,0,0,0,0,0,0,0,0,3035.71428571429,2094780.21978022,1447.3355588046
"62","115162",1,4,"0",25,"2","4","2","0","trader","1","1","1",0.75,0.75,0.75,0,0,0,0.333333333333333,0.333333333333333,0.577350269189626,0.333333333333333,0.333333333333333,0.577350269189626,78.1125,4622.48546875,67.9888628287751
"63","116167",2,4,"0",52,"2","4","4","0","trader","1","1","1",0.25,0.5,0.75,0.129564324564325,0.0118248908593113,0.108742314024079,0.0597269397269397,0.00226429518378888,0.0475846107874057,0.189291264291264,0.010521832554314,0.102575984296101,6851.86550020874,8377581.80642121,2894.40525953454
"64","116168",2,5,"0",50,"2","4","3","0","salaried","1","1","1",0.8,1,1,0.0625,0.015625,0.125,0.333333333333333,0.0138888888888889,0.117851130197758,0.395833333333333,0.015625,0.125,5202.7875,9962390.95729166,3156.32554678564
"65","116171",0,4,"1",48,"3","4","2","0","nonearning","0","1","1",0,1,1,0,0,0,0.111111111111111,0.111111111111111,0.333333333333333,0.111111111111111,0.111111111111111,0.333333333333333,337.152777777778,279966.774522569,529.118866156339
"66","116175",1,4,"0",50,"2","4","2","0","wage","1","1","1",0.5,1,1,0.060077519379845,0.0331764488741233,0.182144033320126,0.215439276485788,0.0808474067921742,0.284336784099726,0.275516795865633,0.0957886007546861,0.309497335618073,3187.52906976744,5408387.83395626,2325.59408194041
"67","117186",0,5,"0",23,"2","4","2","0","trader","1","1","1",1,1,1,0.154761904761905,0.048992673992674,0.221342887829435,0.488095238095238,0.0447191697191697,0.211469075089408,0.642857142857143,0.0592185592185592,0.243348637182457,1505.35714285714,2394624.86263736,1547.45754792736
"68","117193",1,3,"0",32,"2","4","2","0","wage","1","1","1",0.666666666666667,0.666666666666667,1,0.284313725490196,0.186683006535948,0.43206828920432,0.284313725490196,0.186683006535948,0.43206828920432,0.568627450980392,0.201593137254902,0.448991244073759,1728.41176470588,3709752.74346405,1926.0718427577
"69","118198",2,4,"0",35,"2","4","2","0","farming","1","1","1",0.25,0.5,1,0,NA,NA,0,NA,NA,0,NA,NA,7500,NA,NA
"70","118212",1,3,"0",48,"2","4","2","0","farming","1","1","1",0.666666666666667,0.666666666666667,1,0.0942088053790182,0.00810714353902781,0.0900396775817628,0.0708045500598692,0.0063435740193297,0.0796465568579691,0.165013355438887,0.0146701748512767,0.121120497238398,8952.25177304964,11084536.8558241,3329.34480879107
"71","119220",1,4,"0",50,"2","4","3","0","farming","1","1","1",1,1,1,0.317407407407407,0.202953984287318,0.450504144583951,0.147037037037037,0.0932233445566778,0.305324981874523,0.464444444444444,0.207583333333333,0.45561313999196,421.852222454018,1224325.7626361,1106.4925497427
"72","120224",0,5,"0",29,"2","2","2","0","trader","1","1","0",0.8,1,0.4,0.226547619047619,0.117055511948369,0.342133763239422,0.117083333333333,0.0768018162393162,0.277131406086204,0.343630952380952,0.153350307430665,0.391599677516037,3198.37475,7764414.61446147,2786.46991989174
"73","120225",0,4,"0",26,"1","4","99","1","nonearning","0","1","0",0,0.5,0,0.126891735715265,0.0180237004620536,0.13425237600152,0.0807471989290171,0.0102706710983299,0.101344319516833,0.207638934644282,0.015937192797827,0.126242595021756,6624.04545454545,6703613.17755682,2589.13367317271
"74","120227",0,2,"0",35,"2","4","2","0","trader","1","1","1",1,1,1,0,0,0,0.0285714285714286,0.0285714285714286,0.169030850945703,0.0285714285714286,0.0285714285714286,0.169030850945703,1710.86571428571,1407858.00173109,1186.53192191828
"75","120230",0,7,"0",60,"2","2","1","0","farming","1","1","0",1,1,0,0.0909090909090909,0.0909090909090909,0.301511344577764,0,0,0,0.0909090909090909,0.0909090909090909,0.301511344577764,622.302597402598,956797.08844156,978.160052568883
"76","120232",0,4,"1",48,"2","4","2","0","nonearning","0","1","1",0.25,0.75,1,0.100724637681159,0.0833454106280193,0.288696052324966,0.0601449275362319,0.0453216952129996,0.212888926938438,0.160869565217391,0.116808300395257,0.341772293194251,2978.17391304348,7132763.44565217,2670.7233936992
"77","120235",3,5,"0",36,"2","4","3","0","farming","1","1","1",0.2,0.8,1,0.176356589147287,0.115148578811369,0.339335495949612,0.151937984496124,0.0725556786021902,0.269361613082099,0.328294573643411,0.138128768303187,0.371656788318452,1415.90697674419,1534816.58542636,1238.87714702724
"78","120237",1,3,"0",50,"2","4","3","0","trader","1","1","1",0.333333333333333,1,1,0.5,0.25,0.5,0,0,0,0.5,0.25,0.5,5491.66666666667,9725208.33333333,3118.52662860738
"79","120239",0,2,"0",30,"1","4","4","0","nonearning","1","1","1",0.5,0.5,1,0,0,0,0,0,0,0,0,0,9270,979031.25,989.460080043657
"80","221240",2,7,"0",35,"2","2","2","0","farming","1","1","1",0.714285714285714,1,1,0.230769230769231,0.0673076923076923,0.259437260831385,0.429487179487179,0.0229700854700855,0.151558851506883,0.66025641025641,0.063034188034188,0.251066102917515,1928.7032967033,1117020.63422292,1056.89196904079
"81","221241",0,3,"0",50,"2","3","2","0","farming","1","1","1",1,1,1,0.0446428571428571,0.0409520191055145,0.202366052255596,0.0654761904761905,0.0598856563902157,0.244715460055583,0.110119047619048,0.0957356346794036,0.309411755884297,2044.40972222222,4411070.41720842,2100.25484577668
"82","221242",2,5,"1",20,"1","4","5","1","nonearning","0","1","1",0,0.8,1,0.00571428571428571,0.00114285714285714,0.0338061701891407,0.0695238095238095,0.0279981325863679,0.167326425248279,0.0752380952380952,0.0283230625583567,0.168294570792871,2949.53257144536,5257426.15351107,2292.90779437619
"83","221243",1,4,"0",50,"2","2","3","0","farming","1","1","1",1,1,1,0.0566399649732983,0.00969149658887939,0.098445399023415,0.0788433274544386,0.0123192274628011,0.110992015311017,0.135483292427737,0.0229308492274401,0.151429353916076,7339.24722222222,12690152.5289583,3562.32403480626
"84","221244",2,5,"0",40,"2","4","2","0","wage","1","1","1",1,1,1,0,NA,NA,0,NA,NA,0,NA,NA,2000,NA,NA
"85","221245",2,6,"0",43,"2","4","2","0","trader","0","0","1",0,0.166666666666667,0.833333333333333,0.0325727513227513,0.0035711261826255,0.0597589004469251,0.114934446000623,0.00815454987428175,0.0903025463333219,0.147507197323374,0.00847520551173801,0.0920608793773882,4515.47916666667,4692457.28577897,2166.20804305103
"86","221246",1,5,"0",52,"2","4","3","0","trader","0","1","0",0.4,1,0,0.307692307692308,0.189102564102564,0.434859246311452,0.423076923076923,0.243589743589744,0.493548116792825,0.730769230769231,0.150641025641026,0.388125012903092,1730.76923076923,1118974.35897436,1057.8158436015
"87","221247",0,2,"0",25,"2","1","1","0","wage","1","1","1",1,1,1,0,NA,NA,0,NA,NA,0,NA,NA,9712.5,NA,NA
"88","221248",1,4,"0",40,"2","3","2","0","wage","1","1","1",1,1,1,0.160714285714286,0.0935846560846561,0.305916093209651,0.577380952380952,0.155313051146385,0.394097768512313,0.738095238095238,0.0934744268077601,0.305735877527908,2403.79464285714,3601942.06969246,1897.87830739815
"89","221249",1,3,"0",40,"2","4","2","0","farming","1","1","1",1,1,1,0.263888888888889,0.135736800630418,0.368424755724175,0.362847222222222,0.132236874507486,0.363643884188207,0.626736111111111,0.124405905240347,0.352712213058106,2730.78472222222,3134449.40657014,1770.43763136975
"90","221250",1,9,"0",22,"1","4","7","1","nonearning","1","1","1",0.777777777777778,0.888888888888889,0.888888888888889,0.317613636363636,0.114819583825266,0.338850385605898,0.15625,0.0524553571428571,0.229031345328226,0.473863636363636,0.214555785123967,0.463201667876927,1551.38888888889,2338214.28571429,1529.12206370659
"91","221251",0,6,"0",31,"1","4","4","0","salaried","1","1","1",0.833333333333333,1,0.833333333333333,0.129166666666667,0.0663566468253968,0.257597839325948,0.143273420479303,0.0642359315276583,0.253448084482125,0.27244008714597,0.11431203835928,0.33810063347956,3671.19777777778,11514861.4635265,3393.35548734972
"92","222252",1,5,"0",20,"1","4","3","1","nonearning","1","1","0",0.4,1,0,0.0736596736596736,0.0137345048114279,0.117194303664589,0.127272727272727,0.0290707070707071,0.170501340378036,0.200932400932401,0.0301805032574263,0.173725367340024,2768.36363636364,1593877.45454545,1262.48859580808
"93","222257",0,5,"0",60,"2","4","2","0","prod","0","0","1",0,0,0.4,0.142739040060469,0.0767158532351406,0.27697626836092,0.0981879231879232,0.0182019979060743,0.134914780161679,0.240926963248392,0.0662036806115682,0.257300759057505,4374.75332857143,7575361.05816631,2752.33738087581
"94","222258",0,3,"0",27,"1","4","3","0","trader","0","0","1",0,0,0.333333333333333,0.166666666666667,0.118518518518518,0.344265186329548,0.166666666666667,0.133333333333333,0.365148371670111,0.333333333333333,0.222222222222222,0.471404520791032,2861.27083333333,6737798.80324074,2595.72702787499
"95","223262",1,4,"0",45,"2","4","6","0","farming","1","1","1",0.5,0.5,1,0.380952380952381,0.117724867724868,0.343110576527259,0.1,0.0366666666666667,0.191485421551268,0.480952380952381,0.148835978835979,0.385792663014706,2839.28571928825,1367470.23606584,1169.38883014412
"96","223265",1,3,"0",43,"2","4","3","0","farming","1","1","1",0.666666666666667,1,1,0.179487179487179,0.0576923076923077,0.240192230707631,0.198717948717949,0.0411324786324786,0.202811436148159,0.378205128205128,0.0215455840455841,0.146784140987997,5790.44871794872,12863493.0978455,3586.57121745066
"97","223266",2,4,"0",36,"2","4","2","0","farming","1","1","1",0.5,0.5,1,0.107843137254902,0.0336499183006536,0.183439140590697,0.145658263305322,0.0299484377084167,0.173056169229579,0.253501400560224,0.0380308373349339,0.195014966951088,3785.88235294118,6128990.82123162,2475.67987050661
"98","223267",1,3,"0",50,"2","4","2","0","farming","1","1","1",1,1,1,0.208333333333333,0.0905448717948718,0.300906749334195,0.154761904761905,0.0874542124542124,0.295726583949114,0.363095238095238,0.125648656898657,0.354469542977471,4119.92261904762,10577260.8744277,3252.27011092677
"99","223268",1,5,"0",48,"2","4","2","0","farming","0","1","0",0.2,0.6,0,0.375,0.196428571428571,0.443202630213959,0.125,0.125,0.353553390593274,0.5,0.214285714285714,0.462910049886276,1412.5,619107.142857143,786.833618280982
"100","223269",2,4,"0",45,"2","1","4","0","salaried","1","1","1",0.5,1,1,0.0808427683427684,0.00850099075762462,0.0922008175539926,0.0129606912695148,0.00153016766555285,0.0391173575993171,0.0938034596122832,0.0111300357108241,0.1054989844066,5683.46590909091,10279391.1238108,3206.14895533735
"101","224283",0,1,"0",39,"2","4","2","0","farming","0","1","1",0,1,1,0.00476190476190477,0.000793650793650795,0.0281718084909506,0,0,0,0.00476190476190477,0.000793650793650795,0.0281718084909506,7062.37142857143,12909397.6079832,3592.96501624817
"102","225287",0,6,"0",30,"2","4","3","0","trader","1","1","1",1,1,1,0.326086956521739,0.12463768115942,0.35304062253432,0.236231884057971,0.0793370907139023,0.281668405601165,0.56231884057971,0.0687090713902308,0.262124152626634,1670.05434782609,1213507.08031401,1101.59297397633
"103","225288",1,6,"0",8,"1","4","2","1","nonearning","0","1","1",0.333333333333333,0.666666666666667,0.833333333333333,0.025,0.003125,0.0559016994374947,0,0,0,0.025,0.003125,0.0559016994374947,1583,827181.111111112,909.494975858092
"104","225289",1,5,"0",18,"1","4","3","1","nonearning","1","1","1",0.4,0.8,1,0.00769230769230769,0.000769230769230769,0.0277350098112615,0.0333333333333333,0.00888888888888887,0.0942809041582062,0.041025641025641,0.0107692307692308,0.103774904332554,4378.69230769231,6345895.56410256,2519.10610417715
"105","225290",0,2,"0",38,"2","4","4","0","farming","1","1","1",0.5,0.5,1,0.037037037037037,0.00411522633744855,0.0641500299099583,0.037037037037037,0.00411522633744855,0.0641500299099583,0.074074074074074,0.0164609053497942,0.128300059819917,5562.5,3743906.25,1934.9176339059
"106","225291",0,4,"0",30,"2","4","3","0","self","1","1","1",1,1,1,0.244791666666667,0.0766566932624114,0.276869451659824,0.262152777777778,0.100174226753349,0.316503122817689,0.506944444444444,0.0764873916469661,0.27656353998126,2491.43229166667,2446255.98334996,1564.05114473599
"107","225292",1,5,"0",18,"1","4","3","0","nonearning","0","1","1",0.2,0.8,0.8,0.0625,0.0518092105263158,0.227616367000082,0.05,0.05,0.223606797749979,0.1125,0.0952302631578947,0.308594010243061,1200.54,994122.787789474,997.057063456989
"108","225296",0,7,"0",28,"1","4","3","1","trader","1","1","1",0.571428571428571,0.857142857142857,0.714285714285714,0.13404452690167,0.0292971561524437,0.17116412051725,0.0422077922077922,0.0179479611297793,0.133970000857577,0.176252319109462,0.0363307070171634,0.190606156818617,2875.05102040816,6915026.23424535,2629.64374664047
"109","225297",2,4,"0",36,"2","4","3","0","trader","1","1","1",0.75,1,1,0.111344537815126,0.0336759703881552,0.183510137017428,0.0392156862745098,0.00791462418300654,0.0889641735925566,0.150560224089636,0.0340479941976791,0.184520985792075,4245.64705882353,6632339.85202206,2575.33295944856
"110","226300",2,4,"0",26,"2","4","2","0","trader","1","1","1",0.5,1,1,0.0969611528822055,0.0271382971093184,0.164737054451385,0.145029239766082,0.0478908733294698,0.21883983487809,0.241990392648287,0.0535603958998382,0.231431190421339,5240.24671052632,10516851.0679788,3242.96948304771
"111","226301",2,4,"0",34,"2","4","2","0","farming","1","1","1",1,1,1,0.012987012987013,0.00118063754427391,0.0343604066372025,0.107142857142857,0.0386904761904762,0.196698948117361,0.12012987012987,0.0366243604879969,0.191374921261896,1695.89285714286,724164.955357143,850.978821920465
"112","226302",3,9,"0",30,"2","4","2","0","wage","0","0","1",0,0,1,0.075062656641604,0.0209425349087003,0.144715358233673,0.107393483709273,0.0283553128853881,0.168390358647365,0.182456140350877,0.032279674052857,0.179665450359431,3109.94152046784,3089940.25702115,1757.82258974595
"113","226303",2,4,"0",28,"2","3","2","0","wage","1","1","1",0.75,1,1,0,0,0,0,0,0,0,0,0,1830.20833333333,7514225.26041667,2741.20872251944
"114","226304",1,4,"0",50,"2","4","2","0","farming","0","0","1",0.25,0.25,1,0.22463768115942,0.0916264090177134,0.302698544789554,0.168478260869565,0.0964472624798712,0.310559595697623,0.393115942028985,0.11069847020934,0.332713796241364,2162.53260869565,2142756.92391304,1463.81587773635
"115","226305",3,7,"0",45,"2","4","2","0","self","1","1","1",0.571428571428571,0.571428571428571,1,0.0841683201058201,0.011270332038614,0.106161820060764,0.119097222222222,0.0291813189519307,0.17082540487858,0.203265542328042,0.023380917801682,0.152908200570414,3860.87797619048,3665532.87537089,1914.55814102651
"116","226308",1,3,"0",30,"2","1","1","0","trader","1","1","1",0.666666666666667,1,1,0.06,0.0275,0.16583123951777,0.055,0.0209375,0.144697961284878,0.115,0.0415625,0.203868830378751,4002.5,10612939.453125,3257.75067387377
"117","226309",5,12,"0",28,"2","4","2","0","trader","1","1","1",0.25,0.583333333333333,1,0.164285714285714,0.0612877202162916,0.247563568031105,0.122927689594356,0.0296167574342177,0.172095198754113,0.287213403880071,0.0537681615856219,0.231879627362177,1526.89814814815,412371.158297721,642.161317970587
"118","227311",1,3,"0",30,"2","4","2","0","farming","0","1","1",0,1,1,0.0848958333333333,0.0116501736111111,0.10793596995956,0.00520833333333333,0.000434027777777777,0.0208333333333333,0.0901041666666667,0.0120668402777778,0.109849170583022,6125.390625,5277664.47844331,2297.31679975647
"119","227312",0,2,"0",36,"2","3","1","0","farming","0","1","1",0,1,1,0,0,0,0.333333333333333,0.25,0.5,0.333333333333333,0.25,0.5,6418.05555555556,12489721.1371528,3534.07995624785
"120","227313",1,4,"0",40,"2","4","3","0","farming","0","1","1",0,0.75,1,0.00833333333333332,0.00277777777777777,0.0527046276694729,0.03125,0.00914797008547007,0.0956450212267741,0.0395833333333333,0.0113915598290598,0.106731250480165,2806.65625000149,7091085.30668213,2662.90918108037
"121","227314",2,6,"0",23,"1","4","5","1","salaried","1","1","0",0.833333333333333,0.833333333333333,0,0.101742581090407,0.0192166966088636,0.138624300210546,0.254753278122843,0.00562673559762067,0.0750115697584091,0.35649585921325,0.0196217446228805,0.140077637840165,5465.66666666667,8621524.94907408,2936.24333955381
"122","227315",0,4,"0",60,"2","4","2","0","prod","0","1","1",0.5,0.75,1,0,0,0,0,0,0,0,0,0,2411.40625,2492712.11438301,1578.83251625466
"123","227316",0,2,"0",34,"2","4","3","0","farming","0","1","1",0,1,1,0.0304621848739496,0.00517238145258103,0.0719192703840983,0.0868347338935574,0.0229948750333467,0.151640611424996,0.117296918767507,0.022546258086568,0.150154114451013,8943.01470588235,6154042.39430147,2480.73424499713
"124","227317",2,5,"0",40,"2","4","2","0","farming","0","1","1",0,1,1,0.109292328042328,0.0533824355695042,0.231046392677973,0.198412698412698,0.0903537743599855,0.300589045642029,0.307705026455026,0.105307956180325,0.324511873712388,2009.83958333333,10876880.2604303,3298.01156159742
"125","227320",1,6,"0",32,"2","4","6","0","salaried","1","1","1",0.666666666666667,0.666666666666667,0.833333333333333,0.175925925925926,0.0285493827160493,0.168965625841617,0.157407407407407,0.038966049382716,0.197398200049332,0.333333333333333,0.0329861111111111,0.181620789314195,3317.12962962963,1662927.27623457,1289.54537579512
"126","227321",3,6,"0",45,"2","4","5","0","farming","0","0","1",0,0.333333333333333,0.833333333333333,0.180555555555556,0.0878968253968254,0.296473987723755,0.266203703703704,0.0558807319223986,0.23639105719633,0.446759259259259,0.0877590388007054,0.296241521061288,1122.56944444444,1083917.03869048,1041.11336495623
"127","228326",0,5,"0",25,"1","4","3","1","nonearning","1","1","1",0.4,0.8,1,0,0,0,0,0,0,0,0,0,2600,80000,282.842712474619
"128","228330",3,5,"0",44,"2","4","5","0","farming","1","1","1",0.8,0.8,1,0,0,0,0,0,0,0,0,0,28.9309090909091,223.644509090909,14.9547487137333
"129","229334",1,4,"0",18,"1","4","4","0","nonearning","1","1","1",0.25,1,1,0.092391304347826,0.0269223027375201,0.164080171676897,0.0684876717485413,0.0179102748284472,0.133829274930589,0.160878976096367,0.0368342889517367,0.191922611882333,3807.19565217391,4656008.95531401,2157.77870860615
"130","229342",1,3,"1",42,"2","4","3","0","nonearning","0","1","1",0.666666666666667,1,1,0.05,0.025,0.158113883008419,0,0,0,0.05,0.025,0.158113883008419,4147.5,4131760.03086419,2032.67312445071
"131","229344",0,5,"0",26,"1","4","3","0","farming","1","1","1",0.6,0.6,0.8,0.00793650793650795,0.00132275132275133,0.0363696483726655,0,0,0,0.00793650793650795,0.00132275132275133,0.0363696483726655,599.582857142857,4082096.92937143,2020.41998836168
"132","229345",1,8,"0",26,"2","1","2","0","trader","1","1","1",0.25,0.25,0.5,0,0,0,0.666666666666667,0.333333333333333,0.577350269189626,0.666666666666667,0.333333333333333,0.577350269189626,437.5,46875,216.50635094611
"133","230348",4,6,"1",16,"1","4","3","0","nonearning","0","1","1",0.166666666666667,0.833333333333333,0.833333333333333,0.479989868287741,0.186089583844639,0.431381019337475,0.136170212765957,0.0742792167745914,0.272542137612868,0.616160081053698,0.143110750313076,0.378299815375419,1302.71276595745,1603185.40060643,1266.16957813969
"134","230353",2,4,"0",38,"2","4","2","0","farming","1","0","0",0.25,0.25,0,0.0303030303030303,0.0101010101010101,0.100503781525921,0.163203463203463,0.0321273964131107,0.179241168298778,0.193506493506493,0.0313481756338899,0.17705416017109,2465.56818181818,3321166.05113636,1822.40666458844
"135","231362",1,4,"0",16,"1","4","2","1","farming","1","1","1",0.75,0.75,0.5,0,0,0,0,0,0,0,0,0,9.5,12.5,3.53553390593274
"136","232372",0,3,"0",26,"1","4","3","1","nonearning","1","1","1",1,1,1,0.125,0.0625,0.25,0.0625,0.015625,0.125,0.1875,0.0572916666666667,0.239356776939085,6452.08333333334,10098998.8425927,3177.8922012228
"137","233383",1,5,"0",38,"2","4","2","0","self","0","1","1",0.2,0.4,0.8,0.0270562770562771,0.00574221165739023,0.0757773822284079,0.0677849927849928,0.0129148897564076,0.113643696509783,0.0948412698412699,0.0148744567271353,0.121960881954565,4680.69696976019,3498902.53021167,1870.53535925191
"138","233386",0,4,"0",30,"2","4","2","0","farming","1","1","1",1,1,1,0,0,0,0,0,0,0,0,0,338.738333333333,1564133.66989881,1250.65329724061
"139","233390",2,4,"0",46,"2","4","3","1","trader","1","1","1",0.75,1,1,0.555555555555556,0.277777777777778,0.52704627669473,0,0,0,0.555555555555556,0.277777777777778,0.52704627669473,1539.58333333333,2271289.0625,1507.07964703263
"140","234397",4,9,"1",30,"2","4","3","0","nonearning","1","1","1",0.444444444444444,0.555555555555556,0.666666666666667,0.0897435897435897,0.0608130904183536,0.246603103018501,0.0649572649572649,0.0391198080671765,0.197787279841694,0.154700854700855,0.0879670865197181,0.296592458635951,1106.34757834758,609632.623289141,780.789743329881
"141","234398",1,3,"1",45,"3","4","2","0","farming","0","1","1",0,1,1,0.0606060606060606,0.0375851538642236,0.193868908967435,0.0340909090909091,0.0162526427061311,0.127485852964676,0.0946969696969697,0.0496094667606296,0.222731827004202,2263.25757575758,1238030.74348132,1112.66829894687
"142","234400",0,4,"0",23,"1","4","4","1","farming","1","1","1",0.5,1,1,0.0288461538461538,0.0116346153846154,0.107863874326001,0.0535714285714286,0.0403316326530612,0.200827370278708,0.0824175824175824,0.0487519623233909,0.220798465400897,3832.98557692308,11877003.9304087,3446.30293654064
"143","234402",1,5,"0",30,"2","4","3","0","farming","1","1","1",0.4,0.6,0.4,0.11480614973262,0.0269998522431607,0.164316317641191,0.180969217830673,0.0536018795765712,0.231520797287352,0.295775367563293,0.040222426777396,0.200555296059207,6048.10454545455,9770779.66858351,3125.82463816886
"144","234406",0,1,"0",30,"2","4","2","0","farming","0","1","1",0,1,1,0,0,0,0,0,0,0,0,0,9731.47321428571,3413198.73305225,1847.48443377806
"145","235411",1,3,"0",42,"2","4","2","0","wage","1","1","1",0.666666666666667,1,1,0,0,0,0,0,0,0,0,0,1833.33333333333,4499999.99999999,2121.32034355964
"146","235412",5,13,"0",32,"2","4","4","0","trader","1","1","0",0.692307692307692,0.692307692307692,0.0769230769230769,0.338333333333333,0.149930555555556,0.387208671849631,0.127047619047619,0.0840829931972789,0.289970676443807,0.465380952380952,0.144462622826909,0.380082389524835,1524.48599999978,1956856.60132283,1398.87690713759
"147","235413",1,7,"0",25,"2","4","6","0","trader","1","1","1",1,1,1,0.181818181818182,NA,NA,0.181818181818182,NA,NA,0.363636363636364,NA,NA,10438.4285714286,NA,NA
"148","235417",1,3,"0",42,"2","4","6","0","livestock","0","0","1",0,0,0.666666666666667,0.111111111111111,0.0296296296296296,0.172132593164774,0,0,0,0.111111111111111,0.0296296296296296,0.172132593164774,7138.84444444709,17242998.9312679,4152.46901629234
"149","236419",1,5,"0",24,"1","4","4","0","farming","1","1","1",0.8,0.8,1,0.301587301587302,0.149035359401213,0.386050980313757,0.170815295815296,0.0795600192080236,0.282063856614107,0.472402597402597,0.166750155178647,0.408350529788621,1955,2616873.17073171,1617.67523648343
"150","236420",0,3,"0",55,"2","4","3","0","farming","1","1","1",1,1,1,0.0119047619047619,0.00396825396825396,0.0629940788348711,0.08125,0.0139281121399177,0.118017423035405,0.0931547619047619,0.0158901932686655,0.12605630991214,6181.74404761905,9866095.90376983,3141.0342092645
"151","236427",2,4,"0",13,"1","4","2","1","nonearning","0","1","1",0,0.75,0.75,0.2,0.2,0.447213595499958,0,0,0,0.2,0.2,0.447213595499958,1783.91,5918388.398,2432.77380740586
"152","237433",3,8,"0",24,"1","4","3","1","nonearning","1","1","1",0.375,0.875,1,0.109683834683835,0.00781006645692435,0.0883745803776422,0.0322650894079465,0.00362546467919995,0.060211831721016,0.141948924091781,0.00915258854043211,0.0956691619093222,4477.58571430381,4123893.7421429,2030.73724103905
"153","237437",1,4,"0",27,"2","4","2","0","prod","1","1","1",0.5,0.5,1,0.5,0.5,0.707106781186548,0.125,0.03125,0.176776695296637,0.625,0.28125,0.530330085889911,1812.525,195343.75125,441.977093580652
"154","238447",0,5,"0",22,"1","4","4","1","nonearning","1","1","1",0.8,1,1,0.0816461278956934,0.0131911020347083,0.11485252297929,0.0439975227305806,0.00621307411898808,0.0788230557577419,0.125643650626274,0.0161765559558459,0.127187090366302,5913.99468085106,5941803.86274283,2437.58156022375
"155","238451",2,4,"0",26,"1","4","5","1","farming","1","1","1",1,1,1,0.0980777537147422,0.0104048892168048,0.102004358812772,0.00348557692307692,0.000239421535996055,0.0154732522759779,0.101563330637819,0.0104468290893496,0.102209730893636,8714.1171875,9984685.93313051,3159.85536585625
"156","239456",2,7,"0",30,"1","4","2","0","salaried","1","1","1",0.142857142857143,0.285714285714286,1,0.150661375661376,0.0193348030570252,0.139049642419624,0.0412698412698413,0.00854497354497354,0.0924390260927361,0.191931216931217,0.0148224573780129,0.121747514874074,4272.76462585034,2382005.03191059,1543.37455982357
"157","239460",3,5,"0",50,"2","4","2","0","trader","1","1","1",0.8,1,0.8,0.03125,0.00967379169950091,0.0983554355361254,0.103125,0.0220526743498818,0.148501428780607,0.134375,0.0304631681770423,0.174537010908983,2478.375,2368602.93920851,1539.02662069521
"158","239463",2,4,"0",38,"2","4","2","0","farming","1","1","1",0.5,0.75,0.75,0.0448051948051948,0.0096413110698825,0.0981901780723638,0.135984848484848,0.0890964706589706,0.298490319204779,0.180790043290043,0.0927575714629286,0.304561277024721,2570.18181818182,2389071.44751082,1545.6621388618
"159","239464",2,5,"0",60,"2","2","2","0","farming","1","1","1",0.8,1,1,0.0178571428571429,0.00446428571428571,0.0668153104781061,0.025,0.00490384615384616,0.070027467138589,0.0428571428571429,0.00840659340659341,0.091687476825319,4960.44928571429,9509192.70231484,3083.6978941386
"160","239467",2,4,"0",46,"2","4","3","0","trader","0","0","1",0,0,1,0,0,0,0,0,0,0,0,0,2554.34782608696,344202.898550725,586.688076025689
"161","240468",0,4,"1",22,"1","4","4","0","nonearning","1","1","1",1,1,1,0.104526748971193,0.0274021940945809,0.165536080944853,0.0488888888888889,0.0137564534231201,0.117287908256223,0.153415637860082,0.0309865562344986,0.176029986747993,6461.73555555556,11156942.169048,3340.20091746709
"162","240471",2,4,"0",45,"2","4","2","0","farming","1","0","1",0.25,0,1,0.119047619047619,0.0436507936507936,0.208927723509336,0.0952380952380951,0.0264550264550264,0.162650012158089,0.214285714285714,0.0436507936507936,0.208927723509336,3232.14285714286,997023.80952381,998.510795897475
"163","240475",1,3,"1",30,"2","4","2","0","nonearning","0","0","1",0,0,1,0.0392857142857143,0.00749716553287982,0.0865861740284199,0.182142857142857,0.0354639077853363,0.188318633664692,0.221428571428571,0.0270597127739985,0.164498367086116,9068.29167779287,15561057.9125716,3944.7506781255
"164","240477",1,4,"0",26,"1","4","6","0","trader","1","1","1",0.5,0.5,1,0.209876543209877,0.139620924343147,0.373658834156435,0,0,0,0.209876543209877,0.139620924343147,0.373658834156435,2692.36296296296,2434252.80992165,1560.20921991945
"165","240478",0,4,"0",27,"1","4","5","0","farming","1","1","1",0.25,0.75,1,0.313333333333333,0.0206825396825397,0.143814254100696,0,0,0,0.313333333333333,0.0206825396825397,0.143814254100696,4473.41666666667,9887075.99702381,3144.37211491004
"166","240479",2,4,"1",33,"2","4","5","0","farming","0","1","1",0.25,0.5,0.75,0.145833333333333,0.118055555555556,0.343592135468138,0,0,0,0.145833333333333,0.118055555555556,0.343592135468138,1280.46875,1702785.80729167,1304.90835206602
