"","hh_ID","freq_mean","pct_meat_mean","pct_fish_mean","pct_protein_mean","meat_calories_mean","fish_calories_mean","protein_calories_mean","calories_total_grams_mean","avg_calories_pp_mean","freq_sd","pct_meat_sd","pct_fish_sd","pct_protein_sd","meat_calories_sd","fish_calories_sd","protein_calories_sd","calories_total_grams_sd","avg_calories_pp_sd","freq_var","pct_meat_var","pct_fish_var","pct_protein_var","meat_calories_var","fish_calories_var","protein_calories_var","calories_total_grams_var","avg_calories_pp_var","numChildren","hh_members","sex","age","maritalStatus","literacy","education","attendingCollege","occupationType","canCarry20L","canWalk5Km","canStandOwn","pctCanCarry20L","pctCanWalk5Km","pctCanStandOwn","house_rooms_sleeping","housefloor_material","houseroof_material","house_elec","housewall_material","business","use_lat","count_latrine","main_use_flush","defecation_public","totalCultivablePlot","totalOwnPlot"
"1",102023,4.86666666666667,0.0888888888888889,0.144444444444444,0.233333333333333,411.111111111111,555.555555555556,966.666666666667,5536.72222222222,1845.57407407407,1.69732108818706,0.145038631902228,0.126412123503994,0.105112744891268,1682.40694648561,1709.10391864979,2299.91450744871,6089.55811763382,2029.85270587794,2.8808988764045,0.0210362047440699,0.015980024968789,0.0110486891385768,2830493.13358302,2921036.20474408,5289606.74157302,37082718.06804,4120302.00755999,0,3,"0",21,"1","4","4","1","prod","1","1","1",1,1,1,2,"mud","tin","0","tin","1","1",3,"0","1",0,1
"2",102025,1.40816326530612,0.163265306122449,0.0408163265306122,0.204081632653061,938.775510204082,326.530612244898,1265.30612244898,4755.40816326531,1585.13605442177,0.496586990824148,0.27740905232693,0.199914947901746,0.321428571428571,2918.39113257992,1599.31958321397,3232.48814256708,2623.68475715585,874.561585718618,0.246598639455782,0.0769557823129251,0.0399659863945578,0.103316326530612,8517006.80272109,2557823.1292517,10448979.5918367,6883721.70493197,764857.967214663,0,3,"0",24,"2","4","3","0","livestock","1","1","1",0.666666666666667,0.666666666666667,1,3,"mud","tin","0","concrete","1","1",1,"1","1",0,1
"3",103032,4.70642201834862,0.119266055045872,0.146788990825688,0.26605504587156,536.697247706422,594.954128440367,1131.65137614679,7573.66972477064,1514.73394495413,2.98856695589727,0.139428107201567,0.202855387499233,0.253869938739331,1948.05983967994,1764.04345281851,2502.44936077875,7579.01270817308,1515.80254163462,8.93153244988108,0.0194401970778117,0.0411503082374642,0.0644499457955116,3794937.13897384,3111849.30343186,6262252.80326199,57441433.630649,2297657.34522596,1,5,"0",28,"1","3","5","0","farming","1","1","1",0.4,0.8,1,3,"mud","tin","0","concrete","1","1",1,"1","1",1,1
"4",103035,3.04166666666667,0.104166666666667,0.145833333333333,0.25,169.833333333333,490.625,660.458333333333,2895.44791666667,482.574652777778,1.00437638852402,0.168845408376493,0.193988605199812,0.206048878547973,605.209431635323,1454.36389604021,1520.87134247144,2568.48373813194,428.080623021991,1.00877192982456,0.0285087719298246,0.0376315789473685,0.0424561403508772,366278.456140351,2115174.34210526,2313049.64035088,6597108.71304825,183253.019806896,2,6,"0",18,"1","4","3","1","nonearning","1","1","1",0.666666666666667,1,0.833333333333333,2,"mud","tin","0","tin","0","1",4,"1","0",1,0
"5",106058,7.15,0.05,0.2,0.25,137.5,1320.625,1458.125,3100.375,620.075,4.4001748217018,0.105409255338946,0.178384893650524,0.180764684430919,669.744497780827,3914.56389611855,3924.2686216343,3594.85073109387,718.970146218774,19.3615384615385,0.0111111111111111,0.0318211702827087,0.0326758711374096,448557.692307692,15323810.4967949,15399884.2147436,12922951.7788462,516918.071153845,2,5,"0",21,"1","4","3","1","nonearning","1","1","1",0.2,0.8,1,3,"other","other","1","other","1","1",2,"1","1",0,1
"6",106063,5.96491228070175,0.0789473684210526,0.087719298245614,0.166666666666667,424.780701754386,478.070175438596,902.850877192982,6026.5350877193,1506.63377192982,3.2666993018214,0.123275770501818,0.118185491416717,0.153779011140836,2193.63645134882,2217.57895458326,3052.85982052244,5497.04796590551,1374.26199147638,10.6713243285204,0.0151969155928169,0.0139678103814108,0.0236479842674532,4812040.88068623,4917656.41981059,9319953.08376031,30217536.3394659,1888596.02121662,2,4,"0",33,"2","3","3","0","trader","1","1","1",0.5,0.5,1,4,"concrete","tin","1","concrete","1","1",2,"1","0",1,1
"7",106064,6.17241379310345,0.120689655172414,0.0948275862068965,0.21551724137931,381.896551724138,482.724137931034,864.620689655172,3337.29310355104,667.458620710208,3.52944351339455,0.133308343485239,0.211075161111347,0.212208585495783,1533.54372999732,1810.70006920795,2293.13838356452,3695.92411927328,739.184823854657,12.4569715142429,0.0177711144427786,0.0445527236381809,0.0450324837581209,2351756.37181409,3278634.74062968,5258483.64617691,13659855.095426,546394.20381704,3,5,"0",46,"2","4","3","0","farming","1","1","1",0.4,0.4,0.8,3,"mud","other","1","concrete","1","1",1,"1","1",0,1
"8",106066,3.25,0.125,0,0.125,375,0,375,2487.5,829.166666666667,1.03509833901353,0.353553390593274,0,0.353553390593274,1060.66017177982,0,1060.66017177982,1682.84410618283,560.948035394276,1.07142857142857,0.125,0,0.125,1125000,0,1125000,2831964.28571429,314662.698412698,0,3,"0",25,"1","4","3","0","farming","1","1","1",0.333333333333333,1,1,2,"concrete","tin","0","concrete","0","1",1,"1","0",1,1
"9",107073,4,0,0.25,0.25,0,3674.99983310699,3674.99983310699,6049.99983310699,2016.66661103567,0,0,0,0,0,7349.99966621399,7349.99966621399,5771.48127869569,1923.82709289856,0,0,0,0,0,54022495.0933458,54022495.0933458,33309996.1503348,3701110.68337053,1,3,"0",38,"2","4","3","0","farming","1","1","1",0.666666666666667,0.666666666666667,1,4,"concrete","other","0","concrete","0","1",1,"1","1",0,0
"10",108089,3.44827586206897,0.172413793103448,0.0862068965517241,0.258620689655172,1008.62068965517,508.01724137931,1516.63793103448,6863.60689655172,1143.93448275862,1.28653504180535,0.241554253430306,0.128119474388888,0.296293565558432,3066.85932743927,2739.96573477985,3983.75025946206,6180.3227505531,1030.05379175885,1.6551724137931,0.0583484573502723,0.016414599717685,0.0877898769913288,9405626.13430125,7507412.22776771,15870266.129764,38196389.3010043,1061010.81391678,1,6,"0",28,"2","4","2","0","farming","1","1","1",0.666666666666667,0.666666666666667,0.833333333333333,4,"concrete","tin","1","concrete","0","1",1,"1","1",2,2
"11",109101,3.91228070175439,0.219298245614035,0.0526315789473684,0.271929824561404,2415.5701754386,561.40350877193,2976.97368421053,7967.00877192982,1991.75219298246,2.2244076610714,0.248016506604938,0.133620247116119,0.271619888379682,5639.68769763808,2586.67479755499,5980.02865808466,5988.69728989626,1497.17432247407,4.94798944263313,0.0615121875485174,0.0178543704393728,0.0737773637633908,31806077.3268903,6690886.50830616,35760742.7515138,35864495.2300108,2241530.95187568,0,4,"0",25,"1","4","3","1","nonearning","1","1","1",1,1,1,5,"concrete","tin","0","concrete","1","1",2,"1","0",1,1
"12",110106,17.6466666666667,0.0766666666666667,0.05,0.126666666666667,215.50000055631,323.666669209798,539.166669766108,3818.71000302792,763.742000605583,15.6880700116743,0.066431912115793,0.0631429341581054,0.0916693112489752,1045.95961888462,1577.30770663457,1855.25314570623,3205.43489569351,641.086979138702,246.115540691193,0.00441319894736045,0.00398703013409484,0.0084032626248615,1094031.52433726,2487899.60140879,3441964.23465287,10274812.8705296,410992.514821186,0,5,"0",26,"1","4","4","1","nonearning","1","1","1",0.4,0.6,1,2,"mud","tin","0","tin","1","1",1,"1","1",1,1
"13",110108,3.18181818181818,0.181818181818182,0.181818181818182,0.363636363636364,1181.81818181818,2265.90909090909,3447.72727272727,5730,1146,1.00647255948039,0.201902924111541,0.220683707376187,0.209789284787246,3002.16372188244,5833.83269353038,6118.47762096654,5377.38452090924,1075.47690418185,1.01298701298701,0.0407647907647908,0.0487012987012987,0.044011544011544,9012987.01298701,34033603.8961039,37435768.3982684,28916264.2857143,1156650.57142857,1,5,"0",21,"2","4","4","1","nonearning","1","1","1",0.8,0.8,0.8,2,"concrete","tin","0","concrete","1","1",1,"0","0",1,1
"14",110109,8.54285714285714,0,0.0285714285714286,0.0285714285714286,0,85.7142857142857,85.7142857142857,2292.74285714286,458.548571428571,3.09023944572792,0,0.0946762136662302,0.0946762136662302,0,507.09255283711,507.09255283711,2832.41547657344,566.483095314689,9.54957983193277,0,0.00896358543417367,0.00896358543417367,0,257142.857142857,257142.857142857,8022577.43193277,320903.097277311,1,5,"1",20,"2","4","3","1","nonearning","0","1","0",0.2,0.4,0.4,2,"concrete","tin","0","concrete","0","1",1,"1","0",1,0
"15",110111,3.41304347826087,0.206521739130435,0.0652173913043478,0.271739130434783,524.45652173913,86.9565217391304,611.413043478261,2415.83043478365,603.957608695911,2.53828779321136,0.262966040994567,0.139676325951162,0.247844666713414,1144.78018824906,363.957910652085,1162.22842180158,3573.43620499183,893.359051247957,6.44290492116579,0.0691511387163561,0.0195094760312152,0.0614269788182831,1310521.67940755,132465.360726231,1350774.90444338,12769446.3111464,798090.39444665,0,4,"0",45,"2","4","3","0","trader","1","1","1",1,1,0.75,3,"mud","tin","0","concrete","1","1",1,"0","0",0,1
"16",110111,3.41304347826087,0.206521739130435,0.0652173913043478,0.271739130434783,524.45652173913,86.9565217391304,611.413043478261,2415.83043478365,603.957608695911,2.53828779321136,0.262966040994567,0.139676325951162,0.247844666713414,1144.78018824906,363.957910652085,1162.22842180158,3573.43620499183,893.359051247957,6.44290492116579,0.0691511387163561,0.0195094760312152,0.0614269788182831,1310521.67940755,132465.360726231,1350774.90444338,12769446.3111464,798090.39444665,0,4,"0",45,"2","4","6","0","trader","1","1","0",1,1,0.75,3,"mud","tin","0","concrete","1","1",1,"0","0",0,1
"17",110111,3.41304347826087,0.206521739130435,0.0652173913043478,0.271739130434783,524.45652173913,86.9565217391304,611.413043478261,2415.83043478365,603.957608695911,2.53828779321136,0.262966040994567,0.139676325951162,0.247844666713414,1144.78018824906,363.957910652085,1162.22842180158,3573.43620499183,893.359051247957,6.44290492116579,0.0691511387163561,0.0195094760312152,0.0614269788182831,1310521.67940755,132465.360726231,1350774.90444338,12769446.3111464,798090.39444665,0,4,"0",45,"2","4","3","0","trader","1","1","1",1,1,0.75,3,"mud","tin","0","concrete","1","1",1,"0","0",0,1
"18",110111,3.41304347826087,0.206521739130435,0.0652173913043478,0.271739130434783,524.45652173913,86.9565217391304,611.413043478261,2415.83043478365,603.957608695911,2.53828779321136,0.262966040994567,0.139676325951162,0.247844666713414,1144.78018824906,363.957910652085,1162.22842180158,3573.43620499183,893.359051247957,6.44290492116579,0.0691511387163561,0.0195094760312152,0.0614269788182831,1310521.67940755,132465.360726231,1350774.90444338,12769446.3111464,798090.39444665,0,4,"0",45,"2","4","6","0","trader","1","1","1",1,1,0.75,3,"mud","tin","0","concrete","1","1",1,"0","0",0,1
"19",110112,2.42857142857143,0.214285714285714,0.142857142857143,0.357142857142857,678.571428571429,464.285714285714,1142.85714285714,3792.85714285714,948.214285714286,0.85163062725264,0.280632462047032,0.28387687575088,0.380379606036713,1408.86128128007,1365.28787770601,1780.54195972172,4851.62966842693,1212.90741710673,0.725274725274725,0.0787545787545788,0.0805860805860806,0.144688644688645,1984890.10989011,1864010.98901099,3170329.67032967,23538310.4395604,1471144.40247253,0,4,"0",19,"1","4","4","1","self","1","1","1",0.75,1,0.5,2,"mud","tin","1","concrete","1","1",1,"1","0",1,1
"20",112122,9,0,0.111111111111111,0.111111111111111,0,333.333333333333,333.333333333333,3805.55555555556,634.259259259259,0,0,0,0,0,1000,1000,3116.93403487751,519.489005812918,0,0,0,0,0,1e+06,1e+06,9715277.77777778,269868.827160494,0,6,"0",29,"1","4","3","0","trader","1","1","1",0.666666666666667,0.666666666666667,1,6,"mud","tin","1","concrete","1","1",2,"1","1",2,2
"21",112131,6.4375,0.125,0.15625,0.28125,1164.0625,843.75,2007.8125,5113.90625,2556.953125,2.61432159830325,0.150268576759382,0.129359464159921,0.224955192671068,3547.83519580785,2949.67876873223,4388.62366136914,4752.56819101865,2376.28409550932,6.83467741935484,0.0225806451612903,0.0167338709677419,0.0506048387096774,12587134.5766129,8700604.83870968,19260017.641129,22586904.4102823,5646726.10257056,0,2,"0",40,"2","4","3","0","salaried","1","1","1",1,1,1,1,"mud","other","1","concrete","1","1",2,"1","0",1,1
"22",112132,6.6,0.111111111111111,0.0222222222222222,0.133333333333333,743.222222222222,400,1143.22222222222,4416.23555555556,441.623555555556,4.53471458458373,0.258687440590362,0.0523612713911985,0.254185738408727,3372.59640261765,2683.28157299975,4238.66908190042,6371.85452714284,637.185452714284,20.5636363636364,0.0669191919191919,0.00274170274170274,0.0646103896103896,11374406.4949495,7200000,17966315.5858586,40600530.1150707,406005.301150707,2,10,"1",26,"2","4","4","0","self","1","1","0",0.7,0.8,0.8,4,"concrete","tin","1","concrete","1","1",3,"1","1",2,2
"23",113139,3.3,0.05,0.1,0.15,100,1942.5,2042.5,9834,1966.8,0.978720969859186,0.153896752812773,0.205195670417031,0.235081172990814,447.213595499958,5978.88884677624,5961.38947508752,6626.93479195639,1325.38695839128,0.957894736842106,0.0236842105263158,0.0421052631578947,0.0552631578947368,2e+05,35747111.8421053,35538164.4736842,43916264.7368421,1756650.58947368,1,5,"0",31,"2","4","3","0","farming","1","1","1",0.8,0.8,1,3,"concrete","tin","1","concrete","0","1",1,"1","1",1,1
"24",113143,6.26315789473684,0.0850202429149798,0.0566801619433198,0.1417004048583,335.02024291498,358.461539619847,693.481782534827,3677.80567004323,1225.93522334775,2.97270423603962,0.128339559865109,0.0904199694999486,0.132965182628467,1966.91597038305,2042.74262496145,2792.9188612526,4015.59319220165,1338.53106406722,8.83697047496792,0.0164710426263699,0.00817577088437164,0.0176797397914215,3868758.4345479,4172797.43183439,7800395.76554053,16124988.6852562,1791665.40947291,0,3,"0",25,"1","4","4","1","nonearning","1","1","1",0.333333333333333,0.333333333333333,0.666666666666667,5,"mud","tin","1","concrete","0","1",2,"1","1",1,1
"25",113147,3.57894736842105,0.0789473684210526,0.0526315789473684,0.131578947368421,72.3684210526316,78.9473684210526,151.315789473684,3982.10526315789,1327.36842105263,1.40715505489139,0.172147895880114,0.132005000120825,0.196278800365032,252.741019147272,339.441428882121,409.100338267987,2844.90645634913,948.302152116376,1.9800853485064,0.0296348980559507,0.017425320056899,0.0385253674727359,63878.0227596017,115220.483641536,167363.086770981,8093492.74537696,899276.971708551,1,3,"0",29,"2","4","2","0","wage","1","1","1",0.333333333333333,0.666666666666667,1,3,"mud","tin","1","tin","1","1",1,"1","0",1,0
"26",114149,8,0.125,0.25,0.375,2428.125,2212.5,4640.625,7815.25,1302.54166666667,0,0,0,0,6867.77461227434,5602.66199485311,8141.05487965604,8745.7177562181,1457.61962603635,0,0,0,0,47166328.125,31389821.4285714,66276774.5535714,76487579.0714286,2124654.97420635,0,6,"0",37,"2","4","6","0","trader","1","1","1",0.666666666666667,0.833333333333333,0.833333333333333,3,"concrete","other","1","concrete","1","1",2,"1","1",1,1
"27",114150,18.0506912442396,0.152073732718894,0.142857142857143,0.294930875576037,1237.67281105991,984.331797235023,2222.00460829493,5232.44147465438,581.382386072709,6.63968233158889,0.118788408104124,0.0936057193330368,0.14497846422377,3862.26860134472,3145.78545078392,4729.19053004033,5152.57040974172,572.507823304635,44.0853814644137,0.014110685899912,0.00876203069185526,0.0210187550886829,14917118.7489333,9895966.10236382,22365243.0694231,26548981.827346,327765.207745012,2,9,"0",40,"2","4","6","0","farming","1","1","1",0.333333333333333,0.555555555555556,0.888888888888889,2,"concrete","other","1","concrete","1","1",2,"1","0",1,0
"28",115162,1,0,0.333333333333333,0.333333333333333,0,145.6,145.6,312.45,78.1125,0,0,0.577350269189626,0.577350269189626,0,252.186597582029,252.186597582029,271.955451315101,67.9888628287751,0,0,0.333333333333333,0.333333333333333,0,63598.08,63598.08,73959.7675,4622.48546875,1,4,"0",25,"2","4","2","0","trader","1","1","1",0.75,0.75,0.75,1,"mud","tin","0","tin","0","1",4,"1","0",0,1
"29",116168,4.5,0.0625,0.3125,0.375,1214.0625,4898.75,6112.8125,6503.484375,1300.696875,1.36626010212795,0.111803398874989,0.0833333333333333,0.105409255338946,4856.25,8663.41301104824,9270.92910999216,9115.56576570573,1823.11315314115,1.86666666666667,0.0125,0.00694444444444444,0.0111111111111111,23583164.0625,75054725,85950126.5625,83093539.2289062,3323741.56915625,2,5,"0",50,"2","4","3","0","salaried","1","1","1",0.8,1,1,3,"concrete","tin","0","concrete","0","1",1,"1","1",0,0
"30",116180,2.53125,0.25,0.046875,0.296875,1572.265625,93.75,1666.015625,6929.3671875,1154.89453125,1.75452928612577,0.327326835353989,0.115164856039139,0.310799416665876,3722.64924543179,435.297745209101,3707.84605462947,5746.32332365813,957.720553943021,3.07837301587302,0.107142857142857,0.0132629440665155,0.0965962773998488,13858117.4045139,189484.126984127,13748122.3648313,33020231.7400174,917228.659444927,2,6,"0",33,"2","4","2","0","farming","1","1","0",0.666666666666667,0.833333333333333,0,2,"mud","tin","0","tin","1","1",1,"0","1",0,0
"31",116180,2.53125,0.25,0.046875,0.296875,1572.265625,93.75,1666.015625,6929.3671875,1154.89453125,1.75452928612577,0.327326835353989,0.115164856039139,0.310799416665876,3722.64924543179,435.297745209101,3707.84605462947,5746.32332365813,957.720553943021,3.07837301587302,0.107142857142857,0.0132629440665155,0.0965962773998488,13858117.4045139,189484.126984127,13748122.3648313,33020231.7400174,917228.659444927,2,6,"0",33,"2","4","2","0","farming","1","1","0",0.666666666666667,0.833333333333333,0,2,"mud","tin","0","tin","1","1",1,"0","1",0,0
"32",117186,2.87878787878788,0.181818181818182,0.454545454545455,0.636363636363636,1182.57575757576,1359.09090909091,2541.66666666667,3193.18181818182,638.636363636364,1.55638956718698,0.209843014916129,0.178110877962254,0.226133508433323,3710.37652259093,1792.71331303342,3696.72926945789,3344.80282915288,668.960565830576,2.42234848484848,0.0440340909090909,0.0317234848484848,0.0511363636363637,13766893.939394,3213821.02272727,13665807.2916667,11187705.9659091,447508.238636364,0,5,"0",23,"2","4","2","0","trader","1","1","1",1,1,1,3,"mud","tin","0","tin","0","1",3,"0","1",1,0
"33",117193,1.84615384615385,0.307692307692308,0.230769230769231,0.538461538461538,1086.53846153846,642.307692307692,1728.84615384615,3390.34615384615,1130.11538461538,0.784464540552736,0.418176750754743,0.371414482685743,0.406359699192975,2530.753156367,1547.68810215058,2710.79962656494,2925.24240284196,975.080800947321,0.615384615384615,0.174871794871795,0.137948717948718,0.165128205128205,6404711.53846154,2395338.46153846,7348434.61538462,8557043.11538461,950782.568376068,1,3,"0",32,"2","4","2","0","wage","1","1","1",0.666666666666667,0.666666666666667,1,2,"mud","other","0","concrete","0","1",1,"1","1",1,1
"34",118198,2,0,0,0,0,0,0,15000,3750,0,0,0,0,0,0,0,0,0,0,0,0,0,0,0,0,0,0,2,4,"0",35,"2","4","2","0","farming","1","1","1",0.25,0.5,1,2,"mud","tin","0","concrete","0","1",1,"1","0",1,0
"35",118212,7.45637583892617,0.0939597315436242,0.0805369127516778,0.174496644295302,348.741610738255,410.234899328859,758.976510067114,5773.89261744966,1924.63087248322,2.67544822130214,0.0777837235012904,0.0725113392604747,0.103246971673921,1490.52863094838,1790.7462127584,2267.45501207182,6113.83211578019,2037.9440385934,7.15802318486881,0.00605030764172519,0.00525789432134766,0.0106599371598355,2221675.59967684,3206771.99850855,5141352.23176961,37378943.1399453,4153215.90443836,1,3,"0",48,"2","4","2","0","farming","1","1","1",0.666666666666667,0.666666666666667,1,2,"mud","tin","0","other","1","1",1,"0","1",0,1
"36",119220,2.40540540540541,0.256756756756757,0.162162162162162,0.418918918918919,546.945945945946,178.675675675676,725.621621621622,1026.12702759085,256.531756897714,1.62108469452392,0.38353596906365,0.261818039240945,0.393674532033021,2346.36070807125,1208.68447799475,2601.5759538998,2851.44204794593,712.860511986483,2.6279155868197,0.147099839565593,0.0685486856719733,0.154979637171418,5505408.5723806,1460918.16734543,6768197.44390966,8130721.7527941,508170.109549631,1,4,"0",50,"2","4","3","0","farming","1","1","1",1,1,1,2,"concrete","tin","1","concrete","0","1",1,"1","0",1,1
"37",120237,1.5,0.5,0,0.5,7856.25,0,7856.25,12356.25,4118.75,0.577350269189626,0.408248290463863,0,0.408248290463863,9564.65661955514,0,9564.65661955514,5496.14922013586,1832.04974004529,0.333333333333333,0.166666666666667,0,0.166666666666667,91482656.25,0,91482656.25,30207656.25,3356406.25,1,3,"0",50,"2","4","3","0","trader","1","1","1",0.333333333333333,1,1,2,"concrete","other","0","concrete","0","1",1,"1","1",2,2
"38",221242,6.27380952380952,0.00595238095238095,0.0357142857142857,0.0416666666666667,2.97619047619048,380.059523809524,383.035714285714,3072.42976192225,614.485952384451,2.75920317611704,0.0340875606446736,0.115272330997939,0.118414340718616,38.5758374905229,2328.22366742061,2328.05449576332,4301.09610789295,860.21922157859,7.61320216709438,0.0011619617907043,0.0132877102936983,0.0140219560878244,1488.09523809523,5420625.44553749,5419837.7352438,18499427.7293319,739977.109173276,2,5,"1",20,"1","4","5","1","nonearning","0","1","1",0,0.8,1,1,"concrete","tin","0","tin","0","1",1,"1","1",0,0
"39",221245,8.66666666666667,0.0344827586206897,0.103448275862069,0.137931034482759,76.1494252873563,356.034482758621,432.183908045977,3736.94827586207,622.824712643678,3.88316856101016,0.057643988101869,0.0775049832951218,0.0815479868235217,517.349403487321,1145.79190827565,1235.2944703228,3331.61591140458,555.26931856743,15.0789980732177,0.00332282936428841,0.00600702243557712,0.00665007415496927,267650.405288687,1312839.09706996,1525952.42841008,11099664.5811242,308324.016142338,2,6,"0",43,"2","4","2","0","trader","0","0","1",0,0.166666666666667,0.833333333333333,1,"mud","tin","1","other","1","1",1,"1","1",1,0
"40",221250,6.26666666666667,0.233333333333333,0.133333333333333,0.366666666666667,416.666666666667,225,641.666666666667,3723.33333333333,413.703703703704,3.82309978342483,0.220311359418481,0.204826812181672,0.383161789793535,972.318002944806,740.892984035551,1140.33293182399,4878.60359001485,542.067065557205,14.616091954023,0.0485370950888192,0.0419540229885057,0.146812957157785,945402.298850575,548922.413793103,1300359.1954023,23800772.9885058,293836.703561799,1,9,"0",22,"1","4","7","1","nonearning","1","1","1",0.777777777777778,0.888888888888889,0.888888888888889,4,"mud","tin","1","other","1","1",2,"1","1",1,1
"41",222252,8.10769230769231,0.0615384615384615,0.0769230769230769,0.138461538461538,174.615384615385,530.769230769231,705.384615384615,2342.46153846154,468.492307692308,3.78369477546038,0.0938834520248513,0.125957868413945,0.145993501787246,849.086047102776,1952.31617868071,2084.28125870397,1933.41264895879,386.682529791758,14.3163461538462,0.00881410256410256,0.0158653846153846,0.0213141025641026,720947.115384617,3811538.46153846,4344228.36538462,3738084.47115385,149523.378846154,1,5,"0",20,"1","4","3","1","nonearning","1","1","0",0.4,1,0,3,"concrete","tin","1","concrete","1","1",1,"1","1",2,1
"42",222257,9.13333333333333,0.0666666666666667,0.0875,0.154166666666667,322.916666666667,537.500829166667,860.417495833333,3827.9091625,765.5818325,4.9099562982543,0.143599469350673,0.113764252970873,0.147809443812862,1642.4341033422,1849.64350982818,2402.12041609453,3420.10882943341,684.021765886684,24.1076708507671,0.020620807597795,0.0129423052540208,0.0218476316802677,2697589.78382148,3421181.11344951,5770182.49341814,11697144.4051684,467885.776206737,0,5,"0",60,"2","4","2","0","prod","0","0","1",0,0,0.4,2,"mud","tin","1","concrete","1","1",1,"1","1",0,0
"43",222258,1.91666666666667,0.166666666666667,0.166666666666667,0.333333333333333,1542.33333333333,1166.66666666667,2709,5722.54166666667,1907.51388888889,0.928611242975073,0.294883912309794,0.340502612303499,0.450442616461451,4042.92858411225,2697.28795623318,4457.06040774195,6118.71962295016,2039.57320765005,0.86231884057971,0.0869565217391304,0.115942028985507,0.202898550724638,16345271.5362319,7275362.31884058,19865387.4782609,37438729.8242754,4159858.86936393,0,3,"0",27,"1","4","3","0","trader","0","0","1",0,0,0.333333333333333,4,"concrete","tin","1","concrete","1","1",1,"1","1",1,1
"44",223269,9.57627118644068,0.105932203389831,0.0211864406779661,0.127118644067797,255.932203389831,52.9661016949153,308.898305084746,4348.19915254237,1087.04978813559,6.04508842961703,0.0760396515357961,0.0444511786919242,0.0871947361723839,1005.30866418114,369.519087859916,1058.28306063295,4342.37358352467,1085.59339588117,36.5430941218897,0.0057820286056853,0.00197590728710137,0.00760292201617163,1010645.51027767,136544.356292824,1119963.03642265,18856208.3388929,1178513.02118081,2,4,"0",45,"2","1","4","0","salaried","1","1","1",0.5,1,1,7,"concrete","other","1","concrete","0","1",2,"1","0",1,1
"45",225289,4.75609756097561,0.024390243902439,0.0487804878048781,0.0731707317073171,48.780487804878,90.2439024390244,139.024390243902,6941.82926829268,1388.36585365854,3.29226736311678,0.0434769352926241,0.0916204613778463,0.1133381156332,312.347523777212,428.838476613737,521.956918136204,7498.1676725132,1499.63353450264,10.8390243902439,0.00189024390243902,0.00839430894308943,0.0128455284552845,97560.975609756,183902.43902439,272439.024390244,56222518.445122,2248900.73780488,1,5,"0",18,"1","4","3","1","nonearning","1","1","1",0.4,0.8,1,3,"mud","tin","1","tin","1","1",1,"1","1",1,0
"46",225291,2.37373737373737,0.252525252525253,0.232323232323232,0.484848484848485,2033.83838383838,1405.80808080808,3439.64646464646,4831.86868686869,1207.96717171717,0.840139184118316,0.24613064157709,0.271802355223592,0.223468469993004,4455.49178601491,3344.18439059532,5025.75891581161,4568.16549757046,1142.04137439261,0.70583384869099,0.0605802927231498,0.0738765203050917,0.0499381570810141,19851407.0552463,11183569.2383014,25258252.6798598,20868136.0131932,1304258.50082457,0,4,"0",30,"2","4","3","0","self","1","1","1",1,1,1,3,"concrete","tin","1","concrete","1","1",1,"1","1",1,1
"47",226302,7.45098039215686,0.0588235294117647,0.0784313725490196,0.137254901960784,166.666666666667,281.372549019608,448.039215686275,5213.72549019608,579.302832244009,3.93920998005164,0.124806753582492,0.118280804083729,0.1422972081166,868.403945489225,1004.02461333848,1291.3060693668,4199.48816343008,466.609795936676,15.5173752669385,0.0155767257398009,0.0139903486146934,0.020248495437779,754125.412541253,1008065.42418948,1667471.36478354,17635700.8347894,217724.701664066,3,9,"0",30,"2","4","2","0","wage","0","0","1",0,0,1,3,"mud","tin","1","tin","1","1",1,"1","1",1,0
"48",226304,2.27659574468085,0.202127659574468,0.138297872340426,0.340425531914894,1568.35106382979,559.574468085106,2127.92553191489,4233.04255319149,1058.26063829787,0.694126748041948,0.264227577891631,0.252984925803093,0.278044560365775,3784.68400325063,1546.85384126065,3865.55275085772,3876.90395518636,969.22598879659,0.481811942347289,0.0698162129184777,0.0640013726835963,0.0773087775489971,14323833.0044612,2392756.80622283,14942498.0696637,15030384.2777396,939399.017358727,1,4,"0",50,"2","4","2","0","farming","0","0","1",0.25,0.25,1,3,"concrete","tin","1","concrete","1","1",1,"1","0",1,1
"49",226305,5.86206896551724,0.0905172413793103,0.0905172413793103,0.181034482758621,288.469827586207,355.603448275862,644.073275862069,5591.61637931035,798.802339901478,2.39008250948572,0.096232431828141,0.14237428972215,0.128594877510203,1633.3573394147,1225.33274130518,1990.79045815652,5581.2896571921,797.327093884585,5.71249440214957,0.00926068093555779,0.0202704383738867,0.0165366425218642,2667856.19821987,1501440.32691446,3963246.64828705,31150794.2374795,635730.494642437,3,7,"0",45,"2","4","2","0","self","1","1","1",0.571428571428571,0.571428571428571,1,2,"mud","tin","1","tin","0","1",1,"1","0",0,1
"50",226308,4.04918032786885,0.0491803278688525,0.0655737704918033,0.114754098360656,245.901639344262,303.27868852459,549.180327868852,5009.83606557377,1669.94535519126,2.65472050950878,0.150136549868969,0.136180328855577,0.185818967074382,1556.23196326809,1201.6609634328,1927.22797049888,3213.44596542055,1071.14865514018,7.04754098360656,0.0225409836065574,0.0185450819672131,0.0345286885245901,2421857.92349726,1443989.07103825,3714207.65027323,10326234.9726776,1147359.44140862,1,3,"0",30,"2","1","1","0","trader","1","1","1",0.666666666666667,1,1,2,"mud","tin","1","other","1","1",1,"1","1",1,0
"51",226309,5.7563025210084,0.109243697478992,0.100840336134454,0.210084033613445,403.361344537815,495.857142857143,899.218487394958,4157.26890756303,346.439075630252,2.69326336787222,0.168464640755624,0.133688341892316,0.168140236005723,1503.21309951746,1662.75503095862,2149.64990511724,3788.52806195605,315.710671829671,7.2536675687224,0.0283803351849214,0.0178725727579167,0.0282711389640602,2259649.62256088,2764754.2929782,4620994.71457056,14352944.8762285,99673.2283071421,5,12,"0",28,"2","4","2","0","trader","1","1","1",0.25,0.583333333333333,1,1,"mud","tin","1","tin","0","1",2,"1","0",1,0
"52",227312,2.375,0,0.1875,0.1875,0,2037.5,2037.5,7939.0625,3969.53125,1.20415945787923,0,0.403112887414928,0.403112887414928,0,4695.65401905492,4695.65401905492,4090.89404195464,2045.44702097732,1.45,0,0.1625,0.1625,0,22049166.6666667,22049166.6666667,16735414.0625,4183853.515625,0,2,"0",36,"2","3","1","0","farming","0","1","1",0,1,1,2,"concrete","tin","1","tin","1","1",1,"1","0",0,0
"53",227314,6.05069124423963,0.0921658986175115,0.248847926267281,0.341013824884793,1201.95852534562,2871.54377880184,4073.50230414747,7411.37788018433,1235.22964669739,3.97936948076121,0.122354716467423,0.071539485012383,0.133621972736938,4237.44047954851,5492.1334348228,6417.51667827726,6106.64538790182,1017.77423131697,15.8353814644137,0.0149706766418236,0.00511789791583697,0.0178548315981111,17955901.8177163,30163529.6658985,41184520.3159668,37291117.8935826,1035864.38593285,2,6,"0",23,"1","4","5","1","salaried","1","1","0",0.833333333333333,0.833333333333333,0,3,"mud","tin","1","tin","0","1",1,"0","1",1,2
"54",227317,8.78494623655914,0.0967741935483871,0.139784946236559,0.236559139784946,487.161290322581,199.849462365591,687.010752688172,3107.70161290323,621.540322580645,7.41157945726995,0.141701087194691,0.209552799097102,0.219156356675237,2357.27068270251,644.996257930441,2403.3124853121,4282.05476921376,856.410953842751,54.9315100514259,0.0200791981121574,0.0439123756094303,0.0480295086711637,5556725.07152875,416020.172744272,5775910.90205703,18335993.0465463,733439.721861851,2,5,"0",40,"2","4","2","0","farming","0","1","1",0,1,1,2,"mud","other","0","other","0","1",1,"1","1",1,2
"55",228326,1.66666666666667,0,0,0,0,0,0,8666.66666666667,1733.33333333333,0.577350269189626,0,0,0,0,0,0,3055.05046330389,611.010092660779,0.333333333333333,0,0,0,0,0,0,9333333.33333333,373333.333333333,0,5,"0",25,"1","4","3","1","nonearning","1","1","1",0.4,0.8,1,4,"other","other","1","other","1","1",1,"1","1",1,1
"56",228330,2,0,0,0,0,0,0,79.56,15.912,0.561951486949016,0,0,0,0,0,0,62.3501015066915,12.4700203013383,0.315789473684211,0,0,0,0,0,0,3887.53515789474,155.501406315789,3,5,"0",44,"2","4","5","0","farming","1","1","1",0.8,0.8,1,4,"concrete","other","1","concrete","0","1",3,"1","0",0,1
"57",229334,4.08496732026144,0.0849673202614379,0.0784313725490196,0.163398692810458,806.699346405229,673.202614379085,1479.90196078431,4578.58823529412,1144.64705882353,2.2825070254642,0.154864644562711,0.129335085075297,0.177990714944323,3015.05406926504,2577.30496061159,3826.1941922626,4073.80209310762,1018.45052327691,5.20983832129344,0.0239830581355349,0.0167275642314342,0.0316806946063912,9090551.04059168,6642500.85999308,14639761.9969041,16595863.493808,1037241.468363,1,4,"0",18,"1","4","4","0","nonearning","1","1","1",0.25,1,1,3,"mud","other","1","other","1","1",1,"0","1",0,3
"58",230348,3.59615384615385,0.317307692307692,0.134615384615385,0.451923076923077,1472.11538461538,708.413461538462,2180.52884615385,3532.35576923077,588.725961538462,2.62371274316108,0.356470970827116,0.213963625785024,0.325593396949744,3809.12023149879,2407.4132337169,4266.03479509324,3907.29352588747,651.215587647911,6.88386855862584,0.127071553042427,0.045780433159074,0.106011060137274,14509396.9380134,5795638.47787527,18199052.8729462,15266942.6974421,424081.741595615,4,6,"1",16,"1","4","3","0","nonearning","0","1","1",0.166666666666667,0.833333333333333,0.833333333333333,3,"concrete","tin","1","concrete","0","1",1,"1","1",2,2
"59",230353,4.91666666666667,0.0208333333333333,0.145833333333333,0.166666666666667,20.8333333333333,435.416666666667,456.25,2260.10416666667,565.026041666667,1.58225980777203,0.0815410091316803,0.150185633192481,0.151654168517631,144.337567297406,1188.68595128408,1189.65509931204,2815.75667045579,703.939167613949,2.50354609929078,0.00664893617021278,0.0225557244174266,0.0229989868287741,20833.3333333333,1412974.29078014,1415279.25531915,7928485.6272163,495530.351701019,2,4,"0",38,"2","4","2","0","farming","1","0","0",0.25,0.25,0,2,"mud","tin","1","concrete","1","1",1,"0","1",2,0
"60",231362,1,0,0,0,0,0,0,38,9.5,0,0,0,0,0,0,0,14.142135623731,3.53553390593274,0,0,0,0,0,0,0,200,12.5,1,4,"0",16,"1","4","2","1","farming","1","1","1",0.75,0.75,0.5,2,"mud","other","1","other","0","1",1,"1","1",0,1
"61",233383,5.71345029239766,0.0233918128654971,0.0701754385964912,0.0935672514619883,116.959064327485,229.239766081871,346.198830409357,4516.46198836509,903.292397673019,1.43272480902544,0.0685689816425831,0.0983630579491061,0.105236033902788,1028.02156853504,1120.67154544153,1502.92857103912,5081.61480496303,1016.32296099261,2.05270037839698,0.0047017052435009,0.0096752911690992,0.0110746228315888,1056828.34537324,1255904.7127623,2258794.28964568,25822809.0260195,1032912.36104078,1,5,"0",38,"2","4","2","0","self","0","1","1",0.2,0.4,0.8,4,"mud","other","1","other","1","1",2,"0","1",1,1
"62",233386,1.125,0,0,0,0,0,0,1270.26875,317.5671875,0.341565025531987,0,0,0,0,0,0,4844.83929512889,1211.20982378222,0.116666666666667,0,0,0,0,0,0,23472467.795625,1467029.23722656,0,4,"0",30,"2","4","2","0","farming","1","1","1",1,1,1,1,"mud","tin","0","other","0","1",2,"1","0",1,3
"63",234400,9,0.0202020202020202,0.0606060606060606,0.0808080808080808,30.3030303030303,99.4949494949495,129.79797979798,4376.82323232323,1094.20580808081,7.13285013303996,0.0850927440967675,0.126367421246137,0.143999248230279,223.814129085897,417.505648837195,467.238914977495,4462.88943439544,1115.72235859886,50.8775510204082,0.00724077509791796,0.0159687251523986,0.0207357834908855,50092.7643784787,174310.966810967,218312.203669347,19917382.1036384,1244836.3814774,0,4,"0",23,"1","4","4","1","farming","1","1","1",0.5,1,1,1,"mud","tin","1","tin","1","1",1,"0","1",1,2
"64",235413,11,0.181818181818182,0.181818181818182,0.363636363636364,2129.54545454545,2000,4129.54545454545,6642.63636363636,948.948051948052,0,0,0,0,5860.42679953664,4979.95983919549,7055.11178314896,6792.84479835551,970.406399765072,0,0,0,0,34344602.2727273,24800000,49774602.2727273,46142740.4545455,941688.580705009,1,7,"0",25,"2","4","6","0","trader","1","1","1",1,1,1,3,"concrete","tin","1","concrete","0","1",2,"1","1",0,1
"65",237433,9.8,0.0925373134328358,0.0358208955223881,0.128358208955224,537.388059701493,134.397014943521,671.785074645014,4490.95164180919,561.368955226149,4.8094218906388,0.0800086885308627,0.056298401456721,0.0867139542841772,2485.84982851275,1047.68686212512,2670.6212673552,6107.55538941254,763.444423676567,23.1305389221557,0.0064013902404286,0.00316951000658213,0.00751930986759838,6179449.36991686,1097647.76106958,7132217.9536499,37302232.8347421,582847.388042845,3,8,"0",24,"1","4","3","1","nonearning","1","1","1",0.375,0.875,1,2,"mud","tin","1","tin","1","1",1,"0","1",1,0
"66",239460,5.62275449101796,0.0359281437125748,0.107784431137725,0.143712574850299,66.4670658682635,682.634730538922,749.101796407186,3561.73652694611,712.347305389222,4.74483456167604,0.0879632705977006,0.140135051889948,0.160024437207481,398.583452349845,2068.37873870777,2084.6503929099,3654.03167138231,730.806334276461,22.5134550176755,0.0077375369742443,0.0196378327681985,0.0256078205035711,158868.768487122,4278190.60673833,4345767.26065939,13351947.455465,534077.898218599,3,5,"0",50,"2","4","2","0","trader","1","1","1",0.8,1,0.8,2,"mud","tin","1","tin","0","1",1,"1","1",1,0
"67",239464,11.4842105263158,0.0210526315789474,0.0421052631578947,0.0631578947368421,42.1052631578947,152.105263157895,194.210526315789,3847.63368421053,769.526736842105,6.61536438245498,0.0697941301593712,0.0752003669191211,0.0934590951358177,323.405728764252,834.779745109059,887.977116519613,3920.67357148902,784.134714297803,43.7630459126539,0.00487122060470326,0.00565509518477044,0.00873460246360582,104591.265397537,696857.222844345,788503.359462486,15371681.2541725,614867.250166897,2,5,"0",60,"2","2","2","0","farming","1","1","1",0.8,1,1,2,"mud","tin","0","other","1","1",1,"1","0",0,1
"68",239467,1.08333333333333,0,0,0,0,0,0,9791.66666666667,2447.91666666667,0.279310193865464,0,0,0,0,0,0,1009.70468261729,252.426170654323,0.0780141843971631,0,0,0,0,0,0,1019503.54609929,63718.9716312056,2,4,"0",46,"2","4","3","0","trader","0","0","1",0,0,1,4,"concrete","tin","1","concrete","1","1",1,"1","1",1,1
"69",240468,10.5342465753425,0.0821917808219178,0.0502283105022831,0.132420091324201,950.547945205479,342.123287671233,1292.67123287671,5709.68470319642,1427.4211757991,8.91254480042909,0.139202374770638,0.106676694053416,0.153238385537366,3648.41274036626,1937.61301851042,4051.15625828368,5805.20152157974,1451.30038039494,79.4334548196557,0.0193773011417853,0.0113799170541662,0.0234820028020983,13310915.5240669,3754344.20950106,16411867.029031,33700364.7061517,2106272.79413448,0,4,"1",22,"1","4","4","0","nonearning","1","1","1",1,1,1,3,"concrete","tin","1","concrete","1","1",2,"1","1",1,1
"70",240471,2.64705882352941,0.117647058823529,0.117647058823529,0.235294117647059,352.941176470588,647.058823529412,1000,5323.52941176471,1330.88235294118,0.606339062590832,0.193332488165834,0.164197394357296,0.186886250399101,996.316746232607,2029.19862478357,2150.58131676066,2888.23679166129,722.059197915322,0.367647058823529,0.0373774509803921,0.0269607843137255,0.0349264705882353,992647.05882353,4117647.05882353,4625000,8341911.76470588,521369.485294118,2,4,"0",45,"2","4","2","0","farming","1","0","1",0.25,0,1,2,"mud","tin","1","tin","0","1",1,"1","1",14,14
"71",240477,2.26530612244898,0.204081632653061,0,0.204081632653061,1469.38775510204,0,1469.38775510204,5934.18775510204,1483.54693877551,1.01602801396914,0.332055373356699,0,0.332055373356699,3708.67249843934,0,3708.67249843934,5139.5773450431,1284.89433626078,1.03231292517007,0.110260770975057,0,0.110260770975057,13754251.7006803,0,13754251.7006803,26415255.2856803,1650953.45535502,1,4,"0",26,"1","4","6","0","trader","1","1","1",0.5,0.5,1,4,"concrete","tin","1","concrete","1","1",1,"1","0",0,1
"72",240478,4.90322580645161,0.290322580645161,0,0.290322580645161,786.290322580645,0,786.290322580645,4677.5,1169.375,2.07806402195002,0.126373992732416,0,0.126373992732416,1884.38730649737,0,1884.38730649737,5550.58551777774,1387.64637944443,4.31835007932311,0.0159703860391328,0,0.0159703860391328,3550915.52088842,0,3550915.52088842,30808999.5901639,1925562.47438525,0,4,"0",27,"1","4","5","0","farming","1","1","1",0.25,0.75,1,3,"concrete","tin","1","concrete","1","1",1,"1","1",1,0
"73",240479,1.5,0.15,0,0.15,900,0,900,4097.5,1024.375,0.760885910252682,0.314837747129444,0,0.314837747129444,2845.12510131018,0,2845.12510131018,4684.04978287177,1171.01244571794,0.578947368421053,0.0991228070175438,0,0.0991228070175438,8094736.84210526,0,8094736.84210526,21940322.3684211,1371270.14802632,2,4,"1",33,"2","4","5","0","farming","0","1","1",0.25,0.5,0.75,2,"mud","tin","1","tin","1","1",1,"1","1",1,1
