"","hh_ID","freq_mean","pct_meat_mean","pct_fish_mean","pct_protein_mean","meat_calories_mean","fish_calories_mean","protein_calories_mean","calories_total_grams_mean","avg_calories_pp_mean","freq_sd","pct_meat_sd","pct_fish_sd","pct_protein_sd","meat_calories_sd","fish_calories_sd","protein_calories_sd","calories_total_grams_sd","avg_calories_pp_sd","freq_var","pct_meat_var","pct_fish_var","pct_protein_var","meat_calories_var","fish_calories_var","protein_calories_var","calories_total_grams_var","avg_calories_pp_var","numChildren","hh_members","sex","age","maritalStatus","literacy","education","attendingCollege","occupationType","canCarry20L","canWalk5Km","canStandOwn","pctCanCarry20L","pctCanWalk5Km","pctCanStandOwn","totalCultivablePlot","totalOwnPlot"
"1",101012,2.76470588235294,0.117647058823529,0.117647058823529,0.235294117647059,705.882352941176,147.352941176471,853.235294117647,4114.82352941176,2057.41176470588,0.903424856082804,0.17935751349486,0.193332488165834,0.200336726342348,1992.63349246521,606.264478298918,2029.06762853693,5078.17578264201,2539.087891321,0.816176470588236,0.0321691176470588,0.0373774509803921,0.0401348039215686,3970588.23529412,367556.617647059,4117115.44117647,25787869.2794118,6446967.31985294,0,2,"0",32,"2","4","2","0","trader","0","1","1",0,1,1,1,1
"2",102015,3,0.0769230769230769,0.153846153846154,0.230769230769231,115.384615384615,792.307692307692,907.692307692308,5540.38461538462,1846.79487179487,0.912870929175277,0.146176336551172,0.191986911947076,0.180514459491394,416.025147168922,2767.80946431817,2763.28956694177,6769.53606901858,2256.51202300619,0.833333333333333,0.0213675213675214,0.0368589743589744,0.0325854700854701,173076.923076923,7660769.23076923,7635769.23076923,45826618.5897436,5091846.50997151,1,3,"0",45,"2","4","2","0","farming","0","1","1",0,0.333333333333333,1,1,1
"3",102022,1.2,0,0.1,0.1,0,500,500,10610,3536.66666666667,0.421637021355784,0,0.316227766016838,0.316227766016838,0,1581.13883008419,1581.13883008419,7967.72308197964,2655.90769399321,0.177777777777778,0,0.1,0.1,0,2500000,2500000,63484611.1111111,7053845.67901235,0,3,"0",50,"2","4","2","0","trader","1","1","1",1,1,1,0,1
"4",102023,4.86666666666667,0.0888888888888889,0.144444444444444,0.233333333333333,411.111111111111,555.555555555556,966.666666666667,5536.72222222222,1845.57407407407,1.69732108818706,0.145038631902228,0.126412123503994,0.105112744891268,1682.40694648561,1709.10391864979,2299.91450744871,6089.55811763382,2029.85270587794,2.8808988764045,0.0210362047440699,0.015980024968789,0.0110486891385768,2830493.13358302,2921036.20474408,5289606.74157302,37082718.06804,4120302.00755999,0,3,"0",21,"1","4","4","1","prod","1","1","1",1,1,1,0,1
"5",102025,1.40816326530612,0.163265306122449,0.0408163265306122,0.204081632653061,938.775510204082,326.530612244898,1265.30612244898,4755.40816326531,1585.13605442177,0.496586990824148,0.27740905232693,0.199914947901746,0.321428571428571,2918.39113257992,1599.31958321397,3232.48814256708,2623.68475715585,874.561585718618,0.246598639455782,0.0769557823129251,0.0399659863945578,0.103316326530612,8517006.80272109,2557823.1292517,10448979.5918367,6883721.70493197,764857.967214663,0,3,"0",24,"2","4","3","0","livestock","1","1","1",0.666666666666667,0.666666666666667,1,0,1
"6",103032,4.70642201834862,0.119266055045872,0.146788990825688,0.26605504587156,536.697247706422,594.954128440367,1131.65137614679,7573.66972477064,1514.73394495413,2.98856695589727,0.139428107201567,0.202855387499233,0.253869938739331,1948.05983967994,1764.04345281851,2502.44936077875,7579.01270817308,1515.80254163462,8.93153244988108,0.0194401970778117,0.0411503082374642,0.0644499457955116,3794937.13897384,3111849.30343186,6262252.80326199,57441433.630649,2297657.34522596,1,5,"0",28,"1","3","5","0","farming","1","1","1",0.4,0.8,1,1,1
"7",103035,3.04166666666667,0.104166666666667,0.145833333333333,0.25,169.833333333333,490.625,660.458333333333,2895.44791666667,482.574652777778,1.00437638852402,0.168845408376493,0.193988605199812,0.206048878547973,605.209431635323,1454.36389604021,1520.87134247144,2568.48373813194,428.080623021991,1.00877192982456,0.0285087719298246,0.0376315789473685,0.0424561403508772,366278.456140351,2115174.34210526,2313049.64035088,6597108.71304825,183253.019806896,2,6,"0",18,"1","4","3","1","nonearning","1","1","1",0.666666666666667,1,0.833333333333333,1,0
"8",104037,2.6,0.4,0,0.4,4685,0,4685,10085,5042.5,0.547722557505166,0.0912870929175277,0,0.0912870929175277,8419.98366981789,0,8419.98366981789,6200.69552550357,3100.34776275179,0.3,0.00833333333333334,0,0.00833333333333334,70896125,0,70896125,38448625,9612156.25,0,2,"0",28,"2","4","3","0","trader","1","1","1",1,1,1,1,1
"9",104041,2.09090909090909,0,0,0,0,0,0,13997.7272727273,4665.90909090909,1.51357493732854,0,0,0,0,0,0,7563.1628184366,2521.0542728122,2.29090909090909,0,0,0,0,0,0,57201431.8181818,6355714.64646465,1,3,"0",28,"2","4","2","0","trader","1","1","1",0.666666666666667,0.666666666666667,1,1,1
"10",105054,6.25,0.125,0.125,0.25,250,625,875,6443.75,3221.875,2.12132034355964,0.0505076272276105,0.0505076272276105,0.101015254455221,707.106781186548,1767.76695296637,1807.72153354911,8183.39728177904,4091.69864088952,4.5,0.00255102040816327,0.00255102040816327,0.0102040816326531,5e+05,3125000,3267857.14285714,66967991.0714286,16741997.7678571,0,2,"0",45,"2","4","2","0","self","1","1","1",0.5,1,1,0,0
"11",106058,7.15,0.05,0.2,0.25,137.5,1320.625,1458.125,3100.375,620.075,4.4001748217018,0.105409255338946,0.178384893650524,0.180764684430919,669.744497780827,3914.56389611855,3924.2686216343,3594.85073109387,718.970146218774,19.3615384615385,0.0111111111111111,0.0318211702827087,0.0326758711374096,448557.692307692,15323810.4967949,15399884.2147436,12922951.7788462,516918.071153845,2,5,"0",21,"1","4","3","1","nonearning","1","1","1",0.2,0.8,1,0,1
"12",106063,5.96491228070175,0.0789473684210526,0.087719298245614,0.166666666666667,424.780701754386,478.070175438596,902.850877192982,6026.5350877193,1506.63377192982,3.2666993018214,0.123275770501818,0.118185491416717,0.153779011140836,2193.63645134882,2217.57895458326,3052.85982052244,5497.04796590551,1374.26199147638,10.6713243285204,0.0151969155928169,0.0139678103814108,0.0236479842674532,4812040.88068623,4917656.41981059,9319953.08376031,30217536.3394659,1888596.02121662,2,4,"0",33,"2","3","3","0","trader","1","1","1",0.5,0.5,1,1,1
"13",106064,6.17241379310345,0.120689655172414,0.0948275862068965,0.21551724137931,381.896551724138,482.724137931034,864.620689655172,3337.29310355104,667.458620710208,3.52944351339455,0.133308343485239,0.211075161111347,0.212208585495783,1533.54372999732,1810.70006920795,2293.13838356452,3695.92411927328,739.184823854657,12.4569715142429,0.0177711144427786,0.0445527236381809,0.0450324837581209,2351756.37181409,3278634.74062968,5258483.64617691,13659855.095426,546394.20381704,3,5,"0",46,"2","4","3","0","farming","1","1","1",0.4,0.4,0.8,0,1
"14",106066,3.25,0.125,0,0.125,375,0,375,2487.5,829.166666666667,1.03509833901353,0.353553390593274,0,0.353553390593274,1060.66017177982,0,1060.66017177982,1682.84410618283,560.948035394276,1.07142857142857,0.125,0,0.125,1125000,0,1125000,2831964.28571429,314662.698412698,0,3,"0",25,"1","4","3","0","farming","1","1","1",0.333333333333333,1,1,1,1
"15",107070,4.33333333333333,0,0,0,0,0,0,3817.16666666667,1908.58333333333,1.63299316185545,0,0,0,0,0,0,4538.40149905963,2269.20074952981,2.66666666666667,0,0,0,0,0,0,20597088.1666667,5149272.04166667,0,2,"1",28,"2","4","2","0","nonearning","0","1","1",0.5,1,1,1,1
"16",107070,4.33333333333333,0,0,0,0,0,0,3817.16666666667,1908.58333333333,1.63299316185545,0,0,0,0,0,0,4538.40149905963,2269.20074952981,2.66666666666667,0,0,0,0,0,0,20597088.1666667,5149272.04166667,0,2,"0",38,"2","4","2","0","trader","1","1","1",0.5,1,1,1,1
"17",107073,4,0,0.25,0.25,0,3674.99983310699,3674.99983310699,6049.99983310699,2016.66661103567,0,0,0,0,0,7349.99966621399,7349.99966621399,5771.48127869569,1923.82709289856,0,0,0,0,0,54022495.0933458,54022495.0933458,33309996.1503348,3701110.68337053,1,3,"0",38,"2","4","3","0","farming","1","1","1",0.666666666666667,0.666666666666667,1,0,0
"18",107081,2.6,0.2,0.4,0.6,1800,1175,2975,3775,1887.5,1.26491106406735,0.349602949390051,0.428174419288838,0.35746017649212,5433.69119475886,1764.03105288868,5285.527935368,4916.59604469054,2458.29802234527,1.6,0.122222222222222,0.183333333333333,0.127777777777778,29525000,3111805.55555556,27936805.5555556,24172916.6666667,6043229.16666667,0,2,"0",38,"2","4","2","0","trader","1","1","1",1,1,1,1,1
"19",107082,5.8099173553719,0.0247933884297521,0.0165289256198347,0.0413223140495868,126.03305785124,63.6363636363636,189.669421487603,5823.44297520661,1455.86074380165,5.92215339436985,0.0635835175336707,0.0542299933186603,0.0784685261509659,1109.20578143315,514.78150704935,1216.20854426389,5761.06379645325,1440.26594911331,35.0719008264463,0.0040428637019546,0.00294089217534194,0.00615730959630483,1230337.46556473,265000,1479163.2231405,33189856.0668044,2074366.00417527,1,4,"0",50,"2","4","2","0","farming","1","1","1",1,1,1,1,1
"20",108089,3.44827586206897,0.172413793103448,0.0862068965517241,0.258620689655172,1008.62068965517,508.01724137931,1516.63793103448,6863.60689655172,1143.93448275862,1.28653504180535,0.241554253430306,0.128119474388888,0.296293565558432,3066.85932743927,2739.96573477985,3983.75025946206,6180.3227505531,1030.05379175885,1.6551724137931,0.0583484573502723,0.016414599717685,0.0877898769913288,9405626.13430125,7507412.22776771,15870266.129764,38196389.3010043,1061010.81391678,1,6,"0",28,"2","4","2","0","farming","1","1","1",0.666666666666667,0.666666666666667,0.833333333333333,2,2
"21",109098,4.74358974358974,0.179487179487179,0.102564102564103,0.282051282051282,539.615384615385,329.48717948718,869.102564102564,4185.44102564103,1395.14700854701,1.63275033157403,0.127667341911324,0.129263877230155,0.132575567534931,2019.42192932237,1082.6488819737,2211.96018861649,3978.47482826434,1326.15827608811,2.66587364525509,0.0162989501907028,0.0167091499565727,0.0175762811072089,4078064.92862809,1172128.60163891,4892767.87602431,15828261.959133,1758695.773237,1,3,"0",26,"2","4","2","0","farming","1","1","1",0.666666666666667,0.666666666666667,1,1,1
"22",109101,3.91228070175439,0.219298245614035,0.0526315789473684,0.271929824561404,2415.5701754386,561.40350877193,2976.97368421053,7967.00877192982,1991.75219298246,2.2244076610714,0.248016506604938,0.133620247116119,0.271619888379682,5639.68769763808,2586.67479755499,5980.02865808466,5988.69728989626,1497.17432247407,4.94798944263313,0.0615121875485174,0.0178543704393728,0.0737773637633908,31806077.3268903,6690886.50830616,35760742.7515138,35864495.2300108,2241530.95187568,0,4,"0",25,"1","4","3","1","nonearning","1","1","1",1,1,1,1,1
"23",109104,3.58823529411765,0.0588235294117647,0.117647058823529,0.176470588235294,235.294117647059,344.117647058824,579.411764705882,5749.94117647059,1916.64705882353,2.15229016193832,0.242535625036333,0.241269111810288,0.319888154473636,970.142500145332,1217.3077816617,1500.31859361702,6807.11941160309,2269.03980386769,4.63235294117647,0.0588235294117647,0.0582107843137255,0.102328431372549,941176.470588235,1481838.23529412,2250955.88235294,46336874.6838235,5148541.63153595,0,3,"0",50,"2","2","2","0","wage","0","1","1",0.333333333333333,1,1,1,1
"24",109105,1.55737704918033,0.360655737704918,0.360655737704918,0.721311475409836,2050.81967213115,1216.39344262295,3267.2131147541,3545.08196721311,886.270491803279,0.866498512480632,0.435868999888444,0.416311323887647,0.355800234572261,4448.8597959035,2380.62879143787,4515.23933701103,4347.59948053744,1086.89987013436,0.750819672131148,0.189981785063752,0.173315118397086,0.126593806921676,19792353.4836066,5667393.44262295,20387386.2704918,18901621.2431694,1181351.32769809,1,4,"0",21,"1","1","3","1","farming","1","1","1",0.25,0.5,1,1,1
"25",110106,17.6466666666667,0.0766666666666667,0.05,0.126666666666667,215.50000055631,323.666669209798,539.166669766108,3818.71000302792,763.742000605583,15.6880700116743,0.066431912115793,0.0631429341581054,0.0916693112489752,1045.95961888462,1577.30770663457,1855.25314570623,3205.43489569351,641.086979138702,246.115540691193,0.00441319894736045,0.00398703013409484,0.0084032626248615,1094031.52433726,2487899.60140879,3441964.23465287,10274812.8705296,410992.514821186,0,5,"0",26,"1","4","4","1","nonearning","1","1","1",0.4,0.6,1,1,1
"26",110107,8.05263157894737,0.0789473684210526,0.289473684210526,0.368421052631579,748.026315789474,2252.63157894737,3000.65789473684,4893.68421052632,1223.42105263158,6.90063596137401,0.218295478821639,0.236288272957866,0.237788531032836,3275.90704160462,5203.68499067911,5860.78206789575,5260.63474797822,1315.15868699455,47.6187766714082,0.0476529160739688,0.0558321479374111,0.0565433854907539,10731566.9452347,27078337.4822191,34348766.4473684,27674277.9516358,1729642.37197724,1,4,"0",82,"2","4","2","0","farming","0","0","1",0,0,0.75,1,1
"27",110108,3.18181818181818,0.181818181818182,0.181818181818182,0.363636363636364,1181.81818181818,2265.90909090909,3447.72727272727,5730,1146,1.00647255948039,0.201902924111541,0.220683707376187,0.209789284787246,3002.16372188244,5833.83269353038,6118.47762096654,5377.38452090924,1075.47690418185,1.01298701298701,0.0407647907647908,0.0487012987012987,0.044011544011544,9012987.01298701,34033603.8961039,37435768.3982684,28916264.2857143,1156650.57142857,1,5,"0",21,"2","4","4","1","nonearning","1","1","1",0.8,0.8,0.8,1,1
"28",110109,8.54285714285714,0,0.0285714285714286,0.0285714285714286,0,85.7142857142857,85.7142857142857,2292.74285714286,458.548571428571,3.09023944572792,0,0.0946762136662302,0.0946762136662302,0,507.09255283711,507.09255283711,2832.41547657344,566.483095314689,9.54957983193277,0,0.00896358543417367,0.00896358543417367,0,257142.857142857,257142.857142857,8022577.43193277,320903.097277311,1,5,"1",20,"2","4","3","1","nonearning","0","1","0",0.2,0.4,0.4,1,0
"29",110110,2.09090909090909,0.212121212121212,0.151515151515152,0.363636363636364,276.515151515152,650.909090909091,927.424242424242,1821.87878787879,607.292929292929,0.906850385883814,0.264001836540903,0.257747097817932,0.318797273563783,551.447026326032,1941.66283001312,1925.78240691618,1863.62150758761,621.207169195871,0.822377622377622,0.0696969696969697,0.0664335664335664,0.101631701631702,304093.822843823,3770054.54545455,3708637.87878788,3473085.12354312,385898.347060348,0,3,"0",25,"1","4","3","1","nonearning","1","1","1",0.666666666666667,0.666666666666667,1,2,2
"30",110111,3.41304347826087,0.206521739130435,0.0652173913043478,0.271739130434783,524.45652173913,86.9565217391304,611.413043478261,2415.83043478365,603.957608695911,2.53828779321136,0.262966040994567,0.139676325951162,0.247844666713414,1144.78018824906,363.957910652085,1162.22842180158,3573.43620499183,893.359051247957,6.44290492116579,0.0691511387163561,0.0195094760312152,0.0614269788182831,1310521.67940755,132465.360726231,1350774.90444338,12769446.3111464,798090.39444665,0,4,"0",45,"2","4","3","0","trader","1","1","1",1,1,0.75,0,1
"31",110111,3.41304347826087,0.206521739130435,0.0652173913043478,0.271739130434783,524.45652173913,86.9565217391304,611.413043478261,2415.83043478365,603.957608695911,2.53828779321136,0.262966040994567,0.139676325951162,0.247844666713414,1144.78018824906,363.957910652085,1162.22842180158,3573.43620499183,893.359051247957,6.44290492116579,0.0691511387163561,0.0195094760312152,0.0614269788182831,1310521.67940755,132465.360726231,1350774.90444338,12769446.3111464,798090.39444665,0,4,"0",45,"2","4","6","0","trader","1","1","1",1,1,0.75,0,1
"32",110111,3.41304347826087,0.206521739130435,0.0652173913043478,0.271739130434783,524.45652173913,86.9565217391304,611.413043478261,2415.83043478365,603.957608695911,2.53828779321136,0.262966040994567,0.139676325951162,0.247844666713414,1144.78018824906,363.957910652085,1162.22842180158,3573.43620499183,893.359051247957,6.44290492116579,0.0691511387163561,0.0195094760312152,0.0614269788182831,1310521.67940755,132465.360726231,1350774.90444338,12769446.3111464,798090.39444665,0,4,"0",45,"2","4","6","0","trader","1","1","0",1,1,0.75,0,1
"33",110111,3.41304347826087,0.206521739130435,0.0652173913043478,0.271739130434783,524.45652173913,86.9565217391304,611.413043478261,2415.83043478365,603.957608695911,2.53828779321136,0.262966040994567,0.139676325951162,0.247844666713414,1144.78018824906,363.957910652085,1162.22842180158,3573.43620499183,893.359051247957,6.44290492116579,0.0691511387163561,0.0195094760312152,0.0614269788182831,1310521.67940755,132465.360726231,1350774.90444338,12769446.3111464,798090.39444665,0,4,"0",45,"2","4","3","0","trader","1","1","1",1,1,0.75,0,1
"34",110112,2.42857142857143,0.214285714285714,0.142857142857143,0.357142857142857,678.571428571429,464.285714285714,1142.85714285714,3792.85714285714,948.214285714286,0.85163062725264,0.280632462047032,0.28387687575088,0.380379606036713,1408.86128128007,1365.28787770601,1780.54195972172,4851.62966842693,1212.90741710673,0.725274725274725,0.0787545787545788,0.0805860805860806,0.144688644688645,1984890.10989011,1864010.98901099,3170329.67032967,23538310.4395604,1471144.40247253,0,4,"0",19,"1","4","4","1","self","1","1","1",0.75,1,0.5,1,1
"35",110114,2.83333333333333,0.166666666666667,0.0833333333333333,0.25,416.666666666667,666.666666666667,1083.33333333333,4020.83333333333,2010.41666666667,1.94624736040381,0.205971460217775,0.102985730108887,0.308957190326662,996.204919895622,2309.4010767585,2391.58879611378,4096.08784159478,2048.04392079739,3.78787878787879,0.0424242424242424,0.0106060606060606,0.0954545454545454,992424.242424243,5333333.33333333,5719696.96969697,16777935.6060606,4194483.90151515,0,2,"0",28,"2","4","3","0","prod","1","1","1",1,1,1,1,1
"36",111116,3.03921568627451,0.235294117647059,0.0588235294117647,0.294117647058824,1732.35294117647,686.274509803922,2418.62745098039,8677.92156862745,4338.96078431373,1.19934622713753,0.312296992884507,0.130909338482634,0.307296880148529,4433.63928989957,2915.4086922998,5072.61974510522,6654.20079000668,3327.10039500334,1.43843137254902,0.0975294117647059,0.0171372549019608,0.0944313725490197,19657157.3529412,8499607.84313724,25731471.0784314,44278388.1537255,11069597.0384314,0,2,"1",23,"2","2","2","0","wage","0","0","0",0,0,0,0,0
"37",112122,9,0,0.111111111111111,0.111111111111111,0,333.333333333333,333.333333333333,3805.55555555556,634.259259259259,0,0,0,0,0,1000,1000,3116.93403487751,519.489005812918,0,0,0,0,0,1e+06,1e+06,9715277.77777778,269868.827160494,0,6,"0",29,"1","4","3","0","trader","1","1","1",0.666666666666667,0.666666666666667,1,2,2
"38",112130,1,0,0,0,0,0,0,19425,9712.5,NA,NA,NA,NA,NA,NA,NA,NA,NA,NA,NA,NA,NA,NA,NA,NA,NA,NA,0,2,"0",36,"2","4","2","0","trader","1","1","1",1,1,1,1,1
"39",112131,6.4375,0.125,0.15625,0.28125,1164.0625,843.75,2007.8125,5113.90625,2556.953125,2.61432159830325,0.150268576759382,0.129359464159921,0.224955192671068,3547.83519580785,2949.67876873223,4388.62366136914,4752.56819101865,2376.28409550932,6.83467741935484,0.0225806451612903,0.0167338709677419,0.0506048387096774,12587134.5766129,8700604.83870968,19260017.641129,22586904.4102823,5646726.10257056,0,2,"0",40,"2","4","3","0","salaried","1","1","1",1,1,1,1,1
"40",112132,6.6,0.111111111111111,0.0222222222222222,0.133333333333333,743.222222222222,400,1143.22222222222,4416.23555555556,441.623555555556,4.53471458458373,0.258687440590362,0.0523612713911985,0.254185738408727,3372.59640261765,2683.28157299975,4238.66908190042,6371.85452714284,637.185452714284,20.5636363636364,0.0669191919191919,0.00274170274170274,0.0646103896103896,11374406.4949495,7200000,17966315.5858586,40600530.1150707,406005.301150707,2,10,"1",26,"2","4","4","0","self","1","1","0",0.7,0.8,0.8,2,2
"41",112133,3,0.666666666666667,0,0.666666666666667,2000,0,2000,8475,2825,0,0,0,0,1732.05080756888,0,1732.05080756888,9482.9781714396,3160.9927238132,0,0,0,0,3e+06,0,3e+06,89926875,9991875,0,3,"0",25,"1","4","2","0","wage","1","1","1",0.333333333333333,0.333333333333333,1,1,1
"42",113135,3.14457831325301,0.144578313253012,0.253012048192771,0.397590361445783,605.421686746988,932.530120481928,1537.95180722892,4353.55421686747,870.710843373494,2.32763111087312,0.271464816449609,0.311654216723567,0.337204477965768,2044.147088644,1836.02888240042,2531.130451696,3153.83269833672,630.766539667343,5.41786658830443,0.0736931465700198,0.0971283508015804,0.113706859960166,4178537.32001176,3371002.05700852,6406621.36350279,9946660.68909786,397866.427563914,1,5,"0",27,"2","4","6","0","self","1","1","1",0.6,0.8,1,2,2
"43",113139,3.3,0.05,0.1,0.15,100,1942.5,2042.5,9834,1966.8,0.978720969859186,0.153896752812773,0.205195670417031,0.235081172990814,447.213595499958,5978.88884677624,5961.38947508752,6626.93479195639,1325.38695839128,0.957894736842106,0.0236842105263158,0.0421052631578947,0.0552631578947368,2e+05,35747111.8421053,35538164.4736842,43916264.7368421,1756650.58947368,1,5,"0",31,"2","4","3","0","farming","1","1","1",0.8,0.8,1,1,1
"44",113143,6.26315789473684,0.0850202429149798,0.0566801619433198,0.1417004048583,335.02024291498,358.461539619847,693.481782534827,3677.80567004323,1225.93522334775,2.97270423603962,0.128339559865109,0.0904199694999486,0.132965182628467,1966.91597038305,2042.74262496145,2792.9188612526,4015.59319220165,1338.53106406722,8.83697047496792,0.0164710426263699,0.00817577088437164,0.0176797397914215,3868758.4345479,4172797.43183439,7800395.76554053,16124988.6852562,1791665.40947291,0,3,"0",25,"1","4","4","1","nonearning","1","1","1",0.333333333333333,0.333333333333333,0.666666666666667,1,1
"45",113145,1.75,0.232142857142857,0.142857142857143,0.375,1712.47142857143,455.363392857143,2167.83482142857,6176.07321428571,1544.01830357143,0.639602149066831,0.368834598484146,0.281461861041206,0.384353057392904,4363.98410653361,1450.00360016767,4422.54653740785,4967.53660242693,1241.88415060673,0.409090909090909,0.136038961038961,0.0792207792207791,0.147727272727273,19044357.2820779,2102510.44049919,19558917.8755382,24676419.8964513,1542276.24352821,2,4,"0",35,"2","4","2","0","farming","1","1","1",0.25,0.75,1,1,1
"46",113146,3.4,0.6,0,0.6,900,0,900,3300,660,1.34164078649987,0.223606797749979,0,0.223606797749979,876.783895837509,0,876.783895837509,2483.69684140396,496.739368280792,1.8,0.05,0,0.05,768750,0,768750,6168750,246750,1,5,"0",30,"2","2","2","0","farming","1","1","1",0.8,1,1,0,0
"47",113147,3.57894736842105,0.0789473684210526,0.0526315789473684,0.131578947368421,72.3684210526316,78.9473684210526,151.315789473684,3982.10526315789,1327.36842105263,1.40715505489139,0.172147895880114,0.132005000120825,0.196278800365032,252.741019147272,339.441428882121,409.100338267987,2844.90645634913,948.302152116376,1.9800853485064,0.0296348980559507,0.017425320056899,0.0385253674727359,63878.0227596017,115220.483641536,167363.086770981,8093492.74537696,899276.971708551,1,3,"0",29,"2","4","2","0","wage","1","1","1",0.333333333333333,0.666666666666667,1,1,0
"48",114149,8,0.125,0.25,0.375,2428.125,2212.5,4640.625,7815.25,1302.54166666667,0,0,0,0,6867.77461227434,5602.66199485311,8141.05487965604,8745.7177562181,1457.61962603635,0,0,0,0,47166328.125,31389821.4285714,66276774.5535714,76487579.0714286,2124654.97420635,0,6,"0",37,"2","4","6","0","trader","1","1","1",0.666666666666667,0.833333333333333,0.833333333333333,1,1
"49",114150,18.0506912442396,0.152073732718894,0.142857142857143,0.294930875576037,1237.67281105991,984.331797235023,2222.00460829493,5232.44147465438,581.382386072709,6.63968233158889,0.118788408104124,0.0936057193330368,0.14497846422377,3862.26860134472,3145.78545078392,4729.19053004033,5152.57040974172,572.507823304635,44.0853814644137,0.014110685899912,0.00876203069185526,0.0210187550886829,14917118.7489333,9895966.10236382,22365243.0694231,26548981.827346,327765.207745012,2,9,"0",40,"2","4","6","0","farming","1","1","1",0.333333333333333,0.555555555555556,0.888888888888889,1,0
"50",114154,1.66666666666667,0,0.333333333333333,0.333333333333333,0,1666.66666666667,1666.66666666667,6377.58333333333,2125.86111111111,0.516397779494322,0,0.516397779494322,0.516397779494322,0,2581.98889747161,2581.98889747161,6678.84436423448,2226.28145474483,0.266666666666667,0,0.266666666666667,0.266666666666667,0,6666666.66666667,6666666.66666667,44606962.0416667,4956329.11574074,1,3,"0",28,"2","4","2","0","wage","1","1","1",0.333333333333333,0.666666666666667,0.666666666666667,1,0
"51",114155,1.13333333333333,0,0,0,0,0,0,5666.66666666667,2833.33333333333,0.351865775274498,0,0,0,0,0,0,2581.98889747161,1290.99444873581,0.123809523809524,0,0,0,0,0,0,6666666.66666667,1666666.66666667,0,2,"0",55,"2","4","2","0","farming","1","1","1",0.5,1,1,1,1
"52",115162,1,0,0.333333333333333,0.333333333333333,0,145.6,145.6,312.45,78.1125,0,0,0.577350269189626,0.577350269189626,0,252.186597582029,252.186597582029,271.955451315101,67.9888628287751,0,0,0.333333333333333,0.333333333333333,0,63598.08,63598.08,73959.7675,4622.48546875,1,4,"0",25,"2","4","2","0","trader","1","1","1",0.75,0.75,0.75,0,1
"53",116167,17.6011904761905,0.0952380952380952,0.0595238095238095,0.154761904761905,217.916666666667,191.904761904762,409.821428571429,2158.59092268117,539.647730670293,9.83544602844913,0.0837568820981141,0.0424157568123227,0.0854503438084665,1001.65466338285,944.419873978366,1345.86507638691,2510.22935439196,627.55733859799,96.7359985785358,0.00701521529879739,0.0017990964259621,0.00730176125698514,1003312.06467662,891928.898365312,1811352.80383795,6301251.41165107,393828.213228192,2,4,"0",52,"2","4","4","0","trader","1","1","1",0.25,0.5,0.75,3,3
"54",116168,4.5,0.0625,0.3125,0.375,1214.0625,4898.75,6112.8125,6503.484375,1300.696875,1.36626010212795,0.111803398874989,0.0833333333333333,0.105409255338946,4856.25,8663.41301104824,9270.92910999216,9115.56576570573,1823.11315314115,1.86666666666667,0.0125,0.00694444444444444,0.0111111111111111,23583164.0625,75054725,85950126.5625,83093539.2289062,3323741.56915625,2,5,"0",50,"2","4","3","0","salaried","1","1","1",0.8,1,1,0,0
"55",116171,1.2,0,0.1,0.1,0,0.125,0.125,1213.75,303.4375,0.421637021355784,0,0.316227766016838,0.316227766016838,0,0.395284707521047,0.395284707521047,1972.44979868521,493.112449671303,0.177777777777778,0,0.1,0.1,0,0.15625,0.15625,3890558.20833333,243159.888020833,0,4,"1",48,"3","4","2","0","nonearning","0","1","1",0,1,1,1,1
"56",116175,5,0.0588235294117647,0.201680672268908,0.260504201680672,423.739495798319,1086.05042016807,1509.78991596639,4617.89915966387,1154.47478991597,4.73536997641782,0.163944198533023,0.211347071302026,0.239800073136682,2217.92306442267,2517.16386626688,3213.57926505304,3651.5244956439,912.881123910974,22.4237288135593,0.0268777002326353,0.0446675845479435,0.0575040750763582,4919182.71969805,6336113.92963964,10327091.6927788,13333631.1422874,833351.946392964,1,4,"0",50,"2","4","2","0","wage","1","1","1",0.5,1,1,1,1
"57",116180,2.53125,0.25,0.046875,0.296875,1572.265625,93.75,1666.015625,6929.3671875,1154.89453125,1.75452928612577,0.327326835353989,0.115164856039139,0.310799416665876,3722.64924543179,435.297745209101,3707.84605462947,5746.32332365813,957.720553943021,3.07837301587302,0.107142857142857,0.0132629440665155,0.0965962773998488,13858117.4045139,189484.126984127,13748122.3648313,33020231.7400174,917228.659444927,2,6,"0",33,"2","4","2","0","farming","1","1","0",0.666666666666667,0.833333333333333,0,0,0
"58",116180,2.53125,0.25,0.046875,0.296875,1572.265625,93.75,1666.015625,6929.3671875,1154.89453125,1.75452928612577,0.327326835353989,0.115164856039139,0.310799416665876,3722.64924543179,435.297745209101,3707.84605462947,5746.32332365813,957.720553943021,3.07837301587302,0.107142857142857,0.0132629440665155,0.0965962773998488,13858117.4045139,189484.126984127,13748122.3648313,33020231.7400174,917228.659444927,2,6,"0",33,"2","4","2","0","farming","1","1","0",0.666666666666667,0.833333333333333,0,0,0
"59",117186,2.87878787878788,0.181818181818182,0.454545454545455,0.636363636363636,1182.57575757576,1359.09090909091,2541.66666666667,3193.18181818182,638.636363636364,1.55638956718698,0.209843014916129,0.178110877962254,0.226133508433323,3710.37652259093,1792.71331303342,3696.72926945789,3344.80282915288,668.960565830576,2.42234848484848,0.0440340909090909,0.0317234848484848,0.0511363636363637,13766893.939394,3213821.02272727,13665807.2916667,11187705.9659091,447508.238636364,0,5,"0",23,"2","4","2","0","trader","1","1","1",1,1,1,1,0
"60",117193,1.84615384615385,0.307692307692308,0.230769230769231,0.538461538461538,1086.53846153846,642.307692307692,1728.84615384615,3390.34615384615,1130.11538461538,0.784464540552736,0.418176750754743,0.371414482685743,0.406359699192975,2530.753156367,1547.68810215058,2710.79962656494,2925.24240284196,975.080800947321,0.615384615384615,0.174871794871795,0.137948717948718,0.165128205128205,6404711.53846154,2395338.46153846,7348434.61538462,8557043.11538461,950782.568376068,1,3,"0",32,"2","4","2","0","wage","1","1","1",0.666666666666667,0.666666666666667,1,1,1
"61",118198,2,0,0,0,0,0,0,15000,3750,0,0,0,0,0,0,0,0,0,0,0,0,0,0,0,0,0,0,2,4,"0",35,"2","4","2","0","farming","1","1","1",0.25,0.5,1,1,0
"62",118212,7.45637583892617,0.0939597315436242,0.0805369127516778,0.174496644295302,348.741610738255,410.234899328859,758.976510067114,5773.89261744966,1924.63087248322,2.67544822130214,0.0777837235012904,0.0725113392604747,0.103246971673921,1490.52863094838,1790.7462127584,2267.45501207182,6113.83211578019,2037.9440385934,7.15802318486881,0.00605030764172519,0.00525789432134766,0.0106599371598355,2221675.59967684,3206771.99850855,5141352.23176961,37378943.1399453,4153215.90443836,1,3,"0",48,"2","4","2","0","farming","1","1","1",0.666666666666667,0.666666666666667,1,0,1
"63",119220,2.40540540540541,0.256756756756757,0.162162162162162,0.418918918918919,546.945945945946,178.675675675676,725.621621621622,1026.12702759085,256.531756897714,1.62108469452392,0.38353596906365,0.261818039240945,0.393674532033021,2346.36070807125,1208.68447799475,2601.5759538998,2851.44204794593,712.860511986483,2.6279155868197,0.147099839565593,0.0685486856719733,0.154979637171418,5505408.5723806,1460918.16734543,6768197.44390966,8130721.7527941,508170.109549631,1,4,"0",50,"2","4","3","0","farming","1","1","1",1,1,1,1,1
"64",120224,3.31707317073171,0.25609756097561,0.121951219512195,0.378048780487805,3184.15,780.975609756098,3965.1256097561,7958.76463414634,1591.75292682927,2.02379699843543,0.266998223785953,0.21651431884747,0.301904832467774,6928.72441167212,2295.87478137277,6945.74509575913,6680.0653379229,1336.01306758458,4.09575429087624,0.0712880515048537,0.046878450265984,0.091146527867395,48007221.9729012,5271041.01174345,48243374.935262,44623272.918919,1784930.91675676,0,5,"0",29,"2","2","2","0","trader","1","1","0",0.8,1,0.4,1,2
"65",120227,1.10810810810811,0,0.027027027027027,0.027027027027027,0,324.324324324324,324.324324324324,3236.77297297297,1618.38648648649,0.314800093867678,0,0.164398987305357,0.164398987305357,0,1972.78784766429,1972.78784766429,2326.80619121393,1163.40309560696,0.0990990990990991,0,0.027027027027027,0.027027027027027,0,3891891.8918919,3891891.8918919,5414027.05147146,1353506.76286787,0,2,"0",35,"2","4","2","0","trader","1","1","1",1,1,1,1,1
"66",120232,6.1,0.0666666666666667,0.0666666666666667,0.133333333333333,425,277.166666666667,702.166666666667,5358.7,1339.675,5.41091176251239,0.186402153184625,0.145555627434896,0.226743091137373,2026.98950186674,1404.94778438067,2417.22567662836,5833.16765501605,1458.29191375401,29.2779661016949,0.0347457627118644,0.0211864406779661,0.051412429378531,4108686.44067797,1973878.27683616,5842979.97175142,34025844.8915255,2126615.30572034,0,4,"1",48,"2","4","2","0","nonearning","0","1","1",0.25,0.75,1,1,1
"67",120235,2.76190476190476,0.130952380952381,0.154761904761905,0.285714285714286,781.845238095238,930.059523809524,1711.90476190476,3624.04761904762,724.809523809524,1.68350643554792,0.272048390957152,0.233398892519352,0.309024709040354,3173.77324557291,2434.46568864408,3811.51053956697,4148.24661436718,829.649322873435,2.83419391853127,0.0740103270223752,0.0544750430292599,0.0954962707974756,10072836.6143144,5926623.18918532,14527612.5932301,17207949.9736087,688317.998944348,3,5,"0",36,"2","4","3","0","farming","1","1","1",0.2,0.8,1,1,1
"68",120237,1.5,0.5,0,0.5,7856.25,0,7856.25,12356.25,4118.75,0.577350269189626,0.408248290463863,0,0.408248290463863,9564.65661955514,0,9564.65661955514,5496.14922013586,1832.04974004529,0.333333333333333,0.166666666666667,0,0.166666666666667,91482656.25,0,91482656.25,30207656.25,3356406.25,1,3,"0",50,"2","4","3","0","trader","1","1","1",0.333333333333333,1,1,2,2
"69",120239,1,0,0,0,0,0,0,18540,9270,0,0,0,0,0,0,0,1978.92016008731,989.460080043657,0,0,0,0,0,0,0,3916125,979031.25,0,2,"0",30,"1","4","4","0","nonearning","1","1","1",0.5,0.5,1,1,1
"70",221240,2.61290322580645,0.258064516129032,0.419354838709677,0.67741935483871,1096.77419354839,2774.1935483871,3870.96774193548,5661.67741935484,808.811059907834,0.88232342349952,0.254000254000381,0.145111500820062,0.248832398863199,3015.01618248479,3544.57028349328,3919.96543763565,3342.00447224014,477.42921032002,0.778494623655914,0.0645161290322581,0.0210573476702509,0.0619175627240144,9090322.58064516,12563978.4946237,15366129.0322581,11168993.8924731,227938.650866798,2,7,"0",35,"2","2","2","0","farming","1","1","1",0.714285714285714,1,1,0,1
"71",221242,6.27380952380952,0.00595238095238095,0.0357142857142857,0.0416666666666667,2.97619047619048,380.059523809524,383.035714285714,3072.42976192225,614.485952384451,2.75920317611704,0.0340875606446736,0.115272330997939,0.118414340718616,38.5758374905229,2328.22366742061,2328.05449576332,4301.09610789295,860.21922157859,7.61320216709438,0.0011619617907043,0.0132877102936983,0.0140219560878244,1488.09523809523,5420625.44553749,5419837.7352438,18499427.7293319,739977.109173276,2,5,"1",20,"1","4","5","1","nonearning","0","1","1",0,0.8,1,0,0
"72",221245,8.66666666666667,0.0344827586206897,0.103448275862069,0.137931034482759,76.1494252873563,356.034482758621,432.183908045977,3736.94827586207,622.824712643678,3.88316856101016,0.057643988101869,0.0775049832951218,0.0815479868235217,517.349403487321,1145.79190827565,1235.2944703228,3331.61591140458,555.26931856743,15.0789980732177,0.00332282936428841,0.00600702243557712,0.00665007415496927,267650.405288687,1312839.09706996,1525952.42841008,11099664.5811242,308324.016142338,2,6,"0",43,"2","4","2","0","trader","0","0","1",0,0.166666666666667,0.833333333333333,1,0
"73",221246,2,0.25,0.3,0.55,725,2450,3175,5625,1125,1.12390297389803,0.380442955126341,0.441289975079044,0.426120813113395,1332.53814006836,3845.36631613467,3580.92534350962,2333.25501121682,466.651002243365,1.26315789473684,0.144736842105263,0.194736842105263,0.181578947368421,1775657.89473684,14786842.1052632,12823026.3157895,5444078.94736842,217763.157894737,1,5,"0",52,"2","4","3","0","trader","0","1","0",0.4,1,0,0,0
"74",221247,1,0,0,0,0,0,0,19425,9712.5,NA,NA,NA,NA,NA,NA,NA,NA,NA,NA,NA,NA,NA,NA,NA,NA,NA,NA,0,2,"0",25,"2","1","1","0","wage","1","1","1",1,1,1,0,0
"75",221248,2.20754716981132,0.132075471698113,0.528301886792453,0.660377358490566,306.603773584906,2981.1320754717,3287.7358490566,5079.71698113208,1269.92924528302,0.817088889007746,0.262219509414463,0.354663451065954,0.301283337962646,991.116199420995,3992.7365111669,3880.85668650494,4403.19206929804,1100.79801732451,0.667634252539913,0.0687590711175617,0.125786163522013,0.0907716497339138,982311.320754717,15941944.8476052,15061048.6211901,19388100.3991292,1211756.27494557,1,4,"0",40,"2","3","2","0","wage","1","1","1",1,1,1,1,0
"76",221250,6.26666666666667,0.233333333333333,0.133333333333333,0.366666666666667,416.666666666667,225,641.666666666667,3723.33333333333,413.703703703704,3.82309978342483,0.220311359418481,0.204826812181672,0.383161789793535,972.318002944806,740.892984035551,1140.33293182399,4878.60359001485,542.067065557205,14.616091954023,0.0485370950888192,0.0419540229885057,0.146812957157785,945402.298850575,548922.413793103,1300359.1954023,23800772.9885058,293836.703561799,1,9,"0",22,"1","4","7","1","nonearning","1","1","1",0.777777777777778,0.888888888888889,0.888888888888889,1,1
"77",222252,8.10769230769231,0.0615384615384615,0.0769230769230769,0.138461538461538,174.615384615385,530.769230769231,705.384615384615,2342.46153846154,468.492307692308,3.78369477546038,0.0938834520248513,0.125957868413945,0.145993501787246,849.086047102776,1952.31617868071,2084.28125870397,1933.41264895879,386.682529791758,14.3163461538462,0.00881410256410256,0.0158653846153846,0.0213141025641026,720947.115384617,3811538.46153846,4344228.36538462,3738084.47115385,149523.378846154,1,5,"0",20,"1","4","3","1","nonearning","1","1","0",0.4,1,0,2,1
"78",222257,9.13333333333333,0.0666666666666667,0.0875,0.154166666666667,322.916666666667,537.500829166667,860.417495833333,3827.9091625,765.5818325,4.9099562982543,0.143599469350673,0.113764252970873,0.147809443812862,1642.4341033422,1849.64350982818,2402.12041609453,3420.10882943341,684.021765886684,24.1076708507671,0.020620807597795,0.0129423052540208,0.0218476316802677,2697589.78382148,3421181.11344951,5770182.49341814,11697144.4051684,467885.776206737,0,5,"0",60,"2","4","2","0","prod","0","0","1",0,0,0.4,0,0
"79",222258,1.91666666666667,0.166666666666667,0.166666666666667,0.333333333333333,1542.33333333333,1166.66666666667,2709,5722.54166666667,1907.51388888889,0.928611242975073,0.294883912309794,0.340502612303499,0.450442616461451,4042.92858411225,2697.28795623318,4457.06040774195,6118.71962295016,2039.57320765005,0.86231884057971,0.0869565217391304,0.115942028985507,0.202898550724638,16345271.5362319,7275362.31884058,19865387.4782609,37438729.8242754,4159858.86936393,0,3,"0",27,"1","4","3","0","trader","0","0","1",0,0,0.333333333333333,1,1
"80",223266,5.74193548387097,0.0967741935483871,0.145161290322581,0.241935483870968,806.451612903226,748.387096774194,1554.83870967742,4180.56451612903,1045.14112903226,4.55183437665418,0.169506911317243,0.146690038222923,0.172890029214842,3130.17419343187,1994.80817398022,3542.65240168052,3098.96037893285,774.740094733214,20.7191961924907,0.0287325929843116,0.0215179673138425,0.0298909622019088,9797990.48122687,3979259.65097831,12550386.0391327,9603555.43019566,600222.214387229,2,4,"0",36,"2","4","2","0","farming","1","1","1",0.5,0.5,1,1,1
"81",223268,1.54545454545455,0.363636363636364,0.0909090909090909,0.454545454545455,2454.54545454545,727.272727272727,3181.81818181818,5136.36363636364,1027.27272727273,0.522232967867094,0.393122696553448,0.301511344577764,0.415604707296817,4761.58873410202,2412.09075662211,4956.17154299933,4510.21567716506,902.043135433011,0.272727272727273,0.154545454545455,0.0909090909090909,0.172727272727273,22672727.2727273,5818181.81818182,24563636.3636364,20342045.4545455,813681.818181818,1,5,"0",48,"2","4","2","0","farming","0","1","0",0.2,0.6,0,1,0
"82",223269,9.57627118644068,0.105932203389831,0.0211864406779661,0.127118644067797,255.932203389831,52.9661016949153,308.898305084746,4348.19915254237,1087.04978813559,6.04508842961703,0.0760396515357961,0.0444511786919242,0.0871947361723839,1005.30866418114,369.519087859916,1058.28306063295,4342.37358352467,1085.59339588117,36.5430941218897,0.0057820286056853,0.00197590728710137,0.00760292201617163,1010645.51027767,136544.356292824,1119963.03642265,18856208.3388929,1178513.02118081,2,4,"0",45,"2","1","4","0","salaried","1","1","1",0.5,1,1,1,1
"83",224283,5.13207547169811,0.00943396226415094,0,0.00943396226415094,18.8679245283019,0,18.8679245283019,2665.97169811321,2665.97169811321,4.48717849984685,0.0386969550177143,0,0.0386969550177143,194.257172471453,0,194.257172471453,2886.68735324452,2886.68735324452,20.1347708894879,0.001497454327643,0,0.001497454327643,37735.8490566039,0,37735.8490566039,8332963.87538185,8332963.87538185,0,1,"0",39,"2","4","2","0","farming","0","1","1",0,1,1,0,1
"84",225287,2.70526315789474,0.252631578947368,0.242105263157895,0.494736842105263,2330,1173.94736842105,3503.94736842105,4851.94736842105,808.657894736842,1.83855681267005,0.308338755841466,0.242948326833118,0.227475392349751,4821.14772907157,2803.52389335363,5057.11568910037,4532.51974768537,755.419957947563,3.38029115341546,0.0950727883538634,0.0590238895110116,0.0517450541246734,23243465.4255319,7859746.22060472,25574419.0929451,20543735.2631579,570659.312865497,0,6,"0",30,"2","4","3","0","trader","1","1","1",1,1,1,1,1
"85",225289,4.75609756097561,0.024390243902439,0.0487804878048781,0.0731707317073171,48.780487804878,90.2439024390244,139.024390243902,6941.82926829268,1388.36585365854,3.29226736311678,0.0434769352926241,0.0916204613778463,0.1133381156332,312.347523777212,428.838476613737,521.956918136204,7498.1676725132,1499.63353450264,10.8390243902439,0.00189024390243902,0.00839430894308943,0.0128455284552845,97560.975609756,183902.43902439,272439.024390244,56222518.445122,2248900.73780488,1,5,"0",18,"1","4","3","1","nonearning","1","1","1",0.4,0.8,1,1,0
"86",225290,8.63636363636364,0.0454545454545454,0.0454545454545454,0.0909090909090909,22.7272727272727,56.8181818181818,79.5454545454545,1517.04545454545,758.522727272727,2.34105093505449,0.0559151421933552,0.0559151421933552,0.11183028438671,106.600358177805,266.500895444513,282.277763790802,675.479827852393,337.739913926196,5.48051948051948,0.00312650312650313,0.00312650312650313,0.0125060125060125,11363.6363636364,71022.7272727273,79680.7359307359,456272.997835498,114068.249458874,0,2,"0",38,"2","4","4","0","farming","1","1","1",0.5,0.5,1,1,1
"87",225291,2.37373737373737,0.252525252525253,0.232323232323232,0.484848484848485,2033.83838383838,1405.80808080808,3439.64646464646,4831.86868686869,1207.96717171717,0.840139184118316,0.24613064157709,0.271802355223592,0.223468469993004,4455.49178601491,3344.18439059532,5025.75891581161,4568.16549757046,1142.04137439261,0.70583384869099,0.0605802927231498,0.0738765203050917,0.0499381570810141,19851407.0552463,11183569.2383014,25258252.6798598,20868136.0131932,1304258.50082457,0,4,"0",30,"2","4","3","0","self","1","1","1",1,1,1,1,1
"88",226302,7.45098039215686,0.0588235294117647,0.0784313725490196,0.137254901960784,166.666666666667,281.372549019608,448.039215686275,5213.72549019608,579.302832244009,3.93920998005164,0.124806753582492,0.118280804083729,0.1422972081166,868.403945489225,1004.02461333848,1291.3060693668,4199.48816343008,466.609795936676,15.5173752669385,0.0155767257398009,0.0139903486146934,0.020248495437779,754125.412541253,1008065.42418948,1667471.36478354,17635700.8347894,217724.701664066,3,9,"0",30,"2","4","2","0","wage","0","0","1",0,0,1,1,0
"89",226304,2.27659574468085,0.202127659574468,0.138297872340426,0.340425531914894,1568.35106382979,559.574468085106,2127.92553191489,4233.04255319149,1058.26063829787,0.694126748041948,0.264227577891631,0.252984925803093,0.278044560365775,3784.68400325063,1546.85384126065,3865.55275085772,3876.90395518636,969.22598879659,0.481811942347289,0.0698162129184777,0.0640013726835963,0.0773087775489971,14323833.0044612,2392756.80622283,14942498.0696637,15030384.2777396,939399.017358727,1,4,"0",50,"2","4","2","0","farming","0","0","1",0.25,0.25,1,1,1
"90",226305,5.86206896551724,0.0905172413793103,0.0905172413793103,0.181034482758621,288.469827586207,355.603448275862,644.073275862069,5591.61637931035,798.802339901478,2.39008250948572,0.096232431828141,0.14237428972215,0.128594877510203,1633.3573394147,1225.33274130518,1990.79045815652,5581.2896571921,797.327093884585,5.71249440214957,0.00926068093555779,0.0202704383738867,0.0165366425218642,2667856.19821987,1501440.32691446,3963246.64828705,31150794.2374795,635730.494642437,3,7,"0",45,"2","4","2","0","self","1","1","1",0.571428571428571,0.571428571428571,1,0,1
"91",226308,4.04918032786885,0.0491803278688525,0.0655737704918033,0.114754098360656,245.901639344262,303.27868852459,549.180327868852,5009.83606557377,1669.94535519126,2.65472050950878,0.150136549868969,0.136180328855577,0.185818967074382,1556.23196326809,1201.6609634328,1927.22797049888,3213.44596542055,1071.14865514018,7.04754098360656,0.0225409836065574,0.0185450819672131,0.0345286885245901,2421857.92349726,1443989.07103825,3714207.65027323,10326234.9726776,1147359.44140862,1,3,"0",30,"2","1","1","0","trader","1","1","1",0.666666666666667,1,1,1,0
"92",226309,5.7563025210084,0.109243697478992,0.100840336134454,0.210084033613445,403.361344537815,495.857142857143,899.218487394958,4157.26890756303,346.439075630252,2.69326336787222,0.168464640755624,0.133688341892316,0.168140236005723,1503.21309951746,1662.75503095862,2149.64990511724,3788.52806195605,315.710671829671,7.2536675687224,0.0283803351849214,0.0178725727579167,0.0282711389640602,2259649.62256088,2764754.2929782,4620994.71457056,14352944.8762285,99673.2283071421,5,12,"0",28,"2","4","2","0","trader","1","1","1",0.25,0.583333333333333,1,1,0
"93",227311,7.06451612903226,0.0752688172043011,0.010752688172043,0.0860215053763441,205.376344086022,16.1290322580645,221.505376344086,3256.18279569892,1085.39426523297,3.23972104144284,0.0950658589166311,0.0280877207352427,0.10000876539424,939.977519550549,155.542754209564,949.238763930888,3569.64606681244,1189.88202227081,10.4957924263675,0.00903751753155682,0.000788920056100982,0.0100017531556802,883557.737260403,24193.5483870967,901054.230949041,12742373.0423095,1415819.22692328,1,3,"0",30,"2","4","2","0","farming","0","1","1",0,1,1,1,1
"94",227312,2.375,0,0.1875,0.1875,0,2037.5,2037.5,7939.0625,3969.53125,1.20415945787923,0,0.403112887414928,0.403112887414928,0,4695.65401905492,4695.65401905492,4090.89404195464,2045.44702097732,1.45,0,0.1625,0.1625,0,22049166.6666667,22049166.6666667,16735414.0625,4183853.515625,0,2,"0",36,"2","3","1","0","farming","0","1","1",0,1,1,0,0
"95",227313,3.07594936708861,0.0126582278481013,0.0506329113924051,0.0632911392405063,245.886075949367,456.139240506329,702.025316455696,5735.94936709163,1433.98734177291,2.06789966464635,0.064118790546085,0.115883913754482,0.127444187740581,2185.4832475488,2308.19123176889,3142.75219486444,5388.42480169504,1347.10620042376,4.27620902304447,0.00411121930109272,0.0134290814670562,0.0162420209888564,4776337.02531646,5327746.76241478,9876891.35832523,29035121.8435222,1814695.11522014,1,4,"0",40,"2","4","3","0","farming","0","1","1",0,0.75,1,1,1
"96",227314,6.05069124423963,0.0921658986175115,0.248847926267281,0.341013824884793,1201.95852534562,2871.54377880184,4073.50230414747,7411.37788018433,1235.22964669739,3.97936948076121,0.122354716467423,0.071539485012383,0.133621972736938,4237.44047954851,5492.1334348228,6417.51667827726,6106.64538790182,1017.77423131697,15.8353814644137,0.0149706766418236,0.00511789791583697,0.0178548315981111,17955901.8177163,30163529.6658985,41184520.3159668,37291117.8935826,1035864.38593285,2,6,"0",23,"1","4","5","1","salaried","1","1","0",0.833333333333333,0.833333333333333,0,1,2
"97",227315,1.0952380952381,0,0,0,0,0,0,9186.30952380952,2296.57738095238,0.297101757186175,0,0,0,0,0,0,5869.86465331185,1467.46616332796,0.0882694541231127,0,0,0,0,0,0,34455311.0481998,2153456.94051249,0,4,"0",60,"2","4","2","0","prod","0","1","1",0.5,0.75,1,1,0
"98",227316,9.16949152542373,0.0338983050847458,0.076271186440678,0.110169491525424,42.3728813559322,188.559322033898,230.932203389831,3046.19491525424,1523.09745762712,4.27935829670191,0.0658451902674128,0.119921874179316,0.116196906709429,229.513338591958,815.800456815089,837.908453568119,3535.77145261146,1767.88572630573,18.3129074315515,0.00433558908135179,0.0143812559066796,0.0135017211288398,52676.3725916268,665530.385339707,702090.576560917,12501679.7651021,3125419.94127553,0,2,"0",34,"2","4","3","0","farming","0","1","1",0,1,1,0,0
"99",227317,8.78494623655914,0.0967741935483871,0.139784946236559,0.236559139784946,487.161290322581,199.849462365591,687.010752688172,3107.70161290323,621.540322580645,7.41157945726995,0.141701087194691,0.209552799097102,0.219156356675237,2357.27068270251,644.996257930441,2403.3124853121,4282.05476921376,856.410953842751,54.9315100514259,0.0200791981121574,0.0439123756094303,0.0480295086711637,5556725.07152875,416020.172744272,5775910.90205703,18335993.0465463,733439.721861851,2,5,"0",40,"2","4","2","0","farming","0","1","1",0,1,1,1,2
"100",227320,3.90322580645161,0.193548387096774,0.161290322580645,0.354838709677419,1391.12903225806,612.903225806452,2004.03225806452,5778.22580645161,963.037634408602,1.22078768860321,0.158679587438127,0.192372473235599,0.141040678948591,4126.45200902612,1498.38622868824,4184.57533077429,4830.61737744896,805.102896241493,1.49032258064516,0.025179211469534,0.0370071684587814,0.0198924731182796,17027606.1827957,2245161.29032258,17510670.6989247,23334864.2473118,648190.67353644,1,6,"0",32,"2","4","6","0","salaried","1","1","1",0.666666666666667,0.666666666666667,0.833333333333333,1,1
"101",228326,1.66666666666667,0,0,0,0,0,0,8666.66666666667,1733.33333333333,0.577350269189626,0,0,0,0,0,0,3055.05046330389,611.010092660779,0.333333333333333,0,0,0,0,0,0,9333333.33333333,373333.333333333,0,5,"0",25,"1","4","3","1","nonearning","1","1","1",0.4,0.8,1,1,1
"102",228330,2,0,0,0,0,0,0,79.56,15.912,0.561951486949016,0,0,0,0,0,0,62.3501015066915,12.4700203013383,0.315789473684211,0,0,0,0,0,0,3887.53515789474,155.501406315789,3,5,"0",44,"2","4","5","0","farming","1","1","1",0.8,0.8,1,0,1
"103",229334,4.08496732026144,0.0849673202614379,0.0784313725490196,0.163398692810458,806.699346405229,673.202614379085,1479.90196078431,4578.58823529412,1144.64705882353,2.2825070254642,0.154864644562711,0.129335085075297,0.177990714944323,3015.05406926504,2577.30496061159,3826.1941922626,4073.80209310762,1018.45052327691,5.20983832129344,0.0239830581355349,0.0167275642314342,0.0316806946063912,9090551.04059168,6642500.85999308,14639761.9969041,16595863.493808,1037241.468363,1,4,"0",18,"1","4","4","0","nonearning","1","1","1",0.25,1,1,0,3
"104",229344,2.21428571428571,0.0357142857142857,0,0.0357142857142857,71.4285714285714,0,71.4285714285714,2248.43571428571,449.687142857143,2.04318456694523,0.0696425745031121,0,0.0696425745031121,377.964473009227,0,377.964473009227,5181.13199959196,1036.22639991839,4.17460317460318,0.00485008818342151,0,0.00485008818342151,142857.142857143,0,142857.142857143,26844128.7971958,1073765.15188783,0,5,"0",26,"1","4","3","0","farming","1","1","1",0.6,0.6,0.8,1,2
"105",229345,1.5,0,0.5,0.5,0,1250,1250,2625,328.125,0.577350269189626,0,0.577350269189626,0.577350269189626,0,1443.37567297406,1443.37567297406,1842.778698958,230.34733736975,0.333333333333333,0,0.333333333333333,0.333333333333333,0,2083333.33333333,2083333.33333333,3395833.33333333,53059.8958333333,1,8,"0",26,"2","1","2","0","trader","1","1","1",0.25,0.25,0.5,1,0
"106",230348,3.59615384615385,0.317307692307692,0.134615384615385,0.451923076923077,1472.11538461538,708.413461538462,2180.52884615385,3532.35576923077,588.725961538462,2.62371274316108,0.356470970827116,0.213963625785024,0.325593396949744,3809.12023149879,2407.4132337169,4266.03479509324,3907.29352588747,651.215587647911,6.88386855862584,0.127071553042427,0.045780433159074,0.106011060137274,14509396.9380134,5795638.47787527,18199052.8729462,15266942.6974421,424081.741595615,4,6,"1",16,"1","4","3","0","nonearning","0","1","1",0.166666666666667,0.833333333333333,0.833333333333333,2,2
"107",230353,4.91666666666667,0.0208333333333333,0.145833333333333,0.166666666666667,20.8333333333333,435.416666666667,456.25,2260.10416666667,565.026041666667,1.58225980777203,0.0815410091316803,0.150185633192481,0.151654168517631,144.337567297406,1188.68595128408,1189.65509931204,2815.75667045579,703.939167613949,2.50354609929078,0.00664893617021278,0.0225557244174266,0.0229989868287741,20833.3333333333,1412974.29078014,1415279.25531915,7928485.6272163,495530.351701019,2,4,"0",38,"2","4","2","0","farming","1","0","0",0.25,0.25,0,2,0
"108",231362,1,0,0,0,0,0,0,38,9.5,0,0,0,0,0,0,0,14.142135623731,3.53553390593274,0,0,0,0,0,0,0,200,12.5,1,4,"0",16,"1","4","2","1","farming","1","1","1",0.75,0.75,0.5,0,1
"109",233383,5.71345029239766,0.0233918128654971,0.0701754385964912,0.0935672514619883,116.959064327485,229.239766081871,346.198830409357,4516.46198836509,903.292397673019,1.43272480902544,0.0685689816425831,0.0983630579491061,0.105236033902788,1028.02156853504,1120.67154544153,1502.92857103912,5081.61480496303,1016.32296099261,2.05270037839698,0.0047017052435009,0.0096752911690992,0.0110746228315888,1056828.34537324,1255904.7127623,2258794.28964568,25822809.0260195,1032912.36104078,1,5,"0",38,"2","4","2","0","self","0","1","1",0.2,0.4,0.8,1,1
"110",233386,1.125,0,0,0,0,0,0,1270.26875,317.5671875,0.341565025531987,0,0,0,0,0,0,4844.83929512889,1211.20982378222,0.116666666666667,0,0,0,0,0,0,23472467.795625,1467029.23722656,0,4,"0",30,"2","4","2","0","farming","1","1","1",1,1,1,1,3
"111",233390,1,0.555555555555556,0,0.555555555555556,5047.22222222222,0,5047.22222222222,6158.33333333333,1539.58333333333,0,0.52704627669473,0,0.52704627669473,6782.88798701884,0,6782.88798701884,6028.31858813053,1507.07964703263,0,0.277777777777778,0,0.277777777777778,46007569.4444444,0,46007569.4444444,36340625,2271289.0625,2,4,"0",46,"2","4","3","1","trader","1","1","1",0.75,1,1,1,1
"112",234397,2.42465753424658,0.0958904109589041,0.0684931506849315,0.164383561643836,465.753424657534,215.342465753425,681.095890410959,5319.56164383562,591.062404870624,1.21241045739444,0.230602084025217,0.17443828819276,0.265118699663401,1716.60349220992,1106.1709258516,1991.72354287257,5124.54884477323,569.394316085915,1.46993911719939,0.0531773211567732,0.0304287163876205,0.0702879249112125,2946727.54946728,1223614.11719939,3966962.67123287,26261000.8624667,324209.887190947,4,9,"1",30,"2","4","3","0","nonearning","1","1","1",0.444444444444444,0.555555555555556,0.666666666666667,1,2
"113",234398,2.01587301587302,0.0793650793650794,0.0476190476190476,0.126984126984127,345.238095238095,269.84126984127,615.079365079365,4742.06349206349,1580.68783068783,1.51861634276672,0.191338294813025,0.147950670568467,0.225431258773391,1636.54618331969,1220.87157135925,1994.86507993598,2088.25838743148,696.086129143827,2.30619559651818,0.036610343061956,0.021889400921659,0.0508192524321556,2678283.41013825,1490527.3937532,3979486.68714798,4360823.09267794,484535.899186437,1,3,"1",45,"3","4","2","0","farming","0","1","1",0,1,1,0,1
"114",234400,9,0.0202020202020202,0.0606060606060606,0.0808080808080808,30.3030303030303,99.4949494949495,129.79797979798,4376.82323232323,1094.20580808081,7.13285013303996,0.0850927440967675,0.126367421246137,0.143999248230279,223.814129085897,417.505648837195,467.238914977495,4462.88943439544,1115.72235859886,50.8775510204082,0.00724077509791796,0.0159687251523986,0.0207357834908855,50092.7643784787,174310.966810967,218312.203669347,19917382.1036384,1244836.3814774,0,4,"0",23,"1","4","4","1","farming","1","1","1",0.5,1,1,1,2
"115",234402,7.5989847715736,0.101522842639594,0.142131979695431,0.243654822335025,816.116751269035,864.218274111675,1680.33502538071,6914.27918781726,1382.85583756345,5.83939811903795,0.140588321283078,0.155278014264584,0.141374885129638,3129.86821160475,2579.73720740237,3877.28204948607,6565.9423221095,1313.1884644219,34.0985703926239,0.0197650760811939,0.0241112617139524,0.0199868581454183,9796075.02201389,6655044.05925619,15033316.0912669,43111598.5772687,1724463.94309075,1,5,"0",30,"2","4","3","0","farming","1","1","1",0.4,0.6,0.4,1,1
"116",234406,1.13333333333333,0,0,0,0,0,0,9283.33333333333,9283.33333333333,0.34574590364176,0,0,0,0,0,0,2482.46725621123,2482.46725621123,0.119540229885057,0,0,0,0,0,0,6162643.67816092,6162643.67816092,0,1,"0",30,"2","4","2","0","farming","0","1","1",0,1,1,0,1
"117",235411,1,0,0,0,0,0,0,5500,1833.33333333333,0,0,0,0,0,0,0,6363.96103067893,2121.32034355964,0,0,0,0,0,0,0,40500000,4500000,1,3,"0",42,"2","4","2","0","wage","1","1","1",0.666666666666667,1,1,0,0
"118",235412,5.09756097560976,0.207317073170732,0.0731707317073171,0.280487804878049,1054.97804877962,408.55487804878,1463.5329268284,6042.17012195035,464.782317073104,2.58967444494554,0.281835760977583,0.183826477691803,0.287245417015921,3189.21941635989,1841.10407362381,3562.03726237313,5241.76546205566,403.212727850435,6.70641373080397,0.0794313961658135,0.033792173900575,0.0825099295966504,10171120.4856869,3389664.20991418,12688109.4585346,27476105.1591995,162580.503900589,5,13,"0",32,"2","4","4","0","trader","1","1","0",0.692307692307692,0.692307692307692,0.0769230769230769,2,2
"119",235413,11,0.181818181818182,0.181818181818182,0.363636363636364,2129.54545454545,2000,4129.54545454545,6642.63636363636,948.948051948052,0,0,0,0,5860.42679953664,4979.95983919549,7055.11178314896,6792.84479835551,970.406399765072,0,0,0,0,34344602.2727273,24800000,49774602.2727273,46142740.4545455,941688.580705009,1,7,"0",25,"2","4","6","0","trader","1","1","1",1,1,1,0,1
"120",236419,3.47311827956989,0.225806451612903,0.161290322580645,0.387096774193548,1714.24731182796,865.591397849462,2579.83870967742,4414.51612903226,882.903225806452,2.92883489911819,0.311460988952202,0.242754891864009,0.362240790182202,4085.41513418243,2457.39764365795,4441.78873900634,4170.60319538121,834.120639076242,8.57807386629266,0.0970079476390837,0.0589299375239067,0.131218390071826,16690616.8186068,6038803.17905562,19729487.2019635,17393931.013324,695757.240532959,1,5,"0",24,"1","4","4","0","farming","1","1","1",0.8,0.8,1,0,1
"121",236420,5.71014492753623,0.0072463768115942,0.072463768115942,0.0797101449275362,7.2463768115942,262.68115942029,269.927536231884,4000.57971014493,1333.52657004831,2.26429892326062,0.0487872602523691,0.106379101689235,0.112422616991294,85.125653075875,1103.38003581634,1104.92493808324,4616.1227921586,1538.7075973862,5.12704961387919,0.0023801967629324,0.0113165132762086,0.0126388448111711,7246.37681159422,1217447.50343806,1220859.11879826,21308589.6322861,2367621.07025401,0,3,"0",55,"2","4","3","0","farming","1","1","1",1,1,1,0,2
"122",237433,9.8,0.0925373134328358,0.0358208955223881,0.128358208955224,537.388059701493,134.397014943521,671.785074645014,4490.95164180919,561.368955226149,4.8094218906388,0.0800086885308627,0.056298401456721,0.0867139542841772,2485.84982851275,1047.68686212512,2670.6212673552,6107.55538941254,763.444423676567,23.1305389221557,0.0064013902404286,0.00316951000658213,0.00751930986759838,6179449.36991686,1097647.76106958,7132217.9536499,37302232.8347421,582847.388042845,3,8,"0",24,"1","4","3","1","nonearning","1","1","1",0.375,0.875,1,1,0
"123",238447,14.0231362467866,0.06426735218509,0.0411311053984576,0.105398457583548,221.07969151671,206.915167095116,427.994858611825,3769.51156812339,753.902313624679,10.0515157309294,0.0853505453132338,0.0634821193229424,0.101167195336881,1061.2518703365,1078.19950408998,1482.24303764731,4426.52913680276,885.305827360552,101.032968489121,0.00728471558526638,0.0040299794737323,0.0102348014123307,1126255.53229271,1162514.17061988,2197044.42265393,19594160.1989638,783766.407958551,0,5,"0",22,"1","4","4","1","nonearning","1","1","1",0.8,1,1,1,0
"124",238451,10.3120567375887,0.0957446808510638,0.00709219858156028,0.102836879432624,170.269503546099,15.0709219858156,185.340425531915,5853.24734042553,1463.31183510638,5.67649176376575,0.0765708002831082,0.0211113536234603,0.0770597052191205,603.169550939483,193.290007451604,629.304404214868,5251.70250519413,1312.92562629853,32.2225587441004,0.00586308745599564,0.00044568925181479,0.00593819816845775,363813.507180538,37361.0269806412,396024.033164229,27580379.2030623,1723773.70019139,2,4,"0",26,"1","4","5","1","farming","1","1","1",1,1,1,4,2
"125",239460,5.62275449101796,0.0359281437125748,0.107784431137725,0.143712574850299,66.4670658682635,682.634730538922,749.101796407186,3561.73652694611,712.347305389222,4.74483456167604,0.0879632705977006,0.140135051889948,0.160024437207481,398.583452349845,2068.37873870777,2084.6503929099,3654.03167138231,730.806334276461,22.5134550176755,0.0077375369742443,0.0196378327681985,0.0256078205035711,158868.768487122,4278190.60673833,4345767.26065939,13351947.455465,534077.898218599,3,5,"0",50,"2","4","2","0","trader","1","1","1",0.8,1,0.8,1,0
"126",239464,11.4842105263158,0.0210526315789474,0.0421052631578947,0.0631578947368421,42.1052631578947,152.105263157895,194.210526315789,3847.63368421053,769.526736842105,6.61536438245498,0.0697941301593712,0.0752003669191211,0.0934590951358177,323.405728764252,834.779745109059,887.977116519613,3920.67357148902,784.134714297803,43.7630459126539,0.00487122060470326,0.00565509518477044,0.00873460246360582,104591.265397537,696857.222844345,788503.359462486,15371681.2541725,614867.250166897,2,5,"0",60,"2","2","2","0","farming","1","1","1",0.8,1,1,0,1
"127",239467,1.08333333333333,0,0,0,0,0,0,9791.66666666667,2447.91666666667,0.279310193865464,0,0,0,0,0,0,1009.70468261729,252.426170654323,0.0780141843971631,0,0,0,0,0,0,1019503.54609929,63718.9716312056,2,4,"0",46,"2","4","3","0","trader","0","0","1",0,0,1,1,1
"128",240468,10.5342465753425,0.0821917808219178,0.0502283105022831,0.132420091324201,950.547945205479,342.123287671233,1292.67123287671,5709.68470319642,1427.4211757991,8.91254480042909,0.139202374770638,0.106676694053416,0.153238385537366,3648.41274036626,1937.61301851042,4051.15625828368,5805.20152157974,1451.30038039494,79.4334548196557,0.0193773011417853,0.0113799170541662,0.0234820028020983,13310915.5240669,3754344.20950106,16411867.029031,33700364.7061517,2106272.79413448,0,4,"1",22,"1","4","4","0","nonearning","1","1","1",1,1,1,1,1
"129",240471,2.64705882352941,0.117647058823529,0.117647058823529,0.235294117647059,352.941176470588,647.058823529412,1000,5323.52941176471,1330.88235294118,0.606339062590832,0.193332488165834,0.164197394357296,0.186886250399101,996.316746232607,2029.19862478357,2150.58131676066,2888.23679166129,722.059197915322,0.367647058823529,0.0373774509803921,0.0269607843137255,0.0349264705882353,992647.05882353,4117647.05882353,4625000,8341911.76470588,521369.485294118,2,4,"0",45,"2","4","2","0","farming","1","0","1",0.25,0,1,14,14
"130",240477,2.26530612244898,0.204081632653061,0,0.204081632653061,1469.38775510204,0,1469.38775510204,5934.18775510204,1483.54693877551,1.01602801396914,0.332055373356699,0,0.332055373356699,3708.67249843934,0,3708.67249843934,5139.5773450431,1284.89433626078,1.03231292517007,0.110260770975057,0,0.110260770975057,13754251.7006803,0,13754251.7006803,26415255.2856803,1650953.45535502,1,4,"0",26,"1","4","6","0","trader","1","1","1",0.5,0.5,1,0,1
"131",240478,4.90322580645161,0.290322580645161,0,0.290322580645161,786.290322580645,0,786.290322580645,4677.5,1169.375,2.07806402195002,0.126373992732416,0,0.126373992732416,1884.38730649737,0,1884.38730649737,5550.58551777774,1387.64637944443,4.31835007932311,0.0159703860391328,0,0.0159703860391328,3550915.52088842,0,3550915.52088842,30808999.5901639,1925562.47438525,0,4,"0",27,"1","4","5","0","farming","1","1","1",0.25,0.75,1,1,0
"132",240479,1.5,0.15,0,0.15,900,0,900,4097.5,1024.375,0.760885910252682,0.314837747129444,0,0.314837747129444,2845.12510131018,0,2845.12510131018,4684.04978287177,1171.01244571794,0.578947368421053,0.0991228070175438,0,0.0991228070175438,8094736.84210526,0,8094736.84210526,21940322.3684211,1371270.14802632,2,4,"1",33,"2","4","5","0","farming","0","1","1",0.25,0.5,0.75,1,1
